<annotation>
	<folder>images</folder>
	<filename>butterfly_58.jpg</filename>
	<path>C:\Users\tprak_o7ept1f\Ana\Project-II\images\butterfly_58.jpg</path>
	<source>
		<database>Unknown</database>
	</source>
	<size>
		<width>802</width>
		<height>1024</height>
		<depth>3</depth>
	</size>
	<segmented>0</segmented>
	<object>
		<name>butterfly</name>
		<pose>Unspecified</pose>
		<truncated>0</truncated>
		<difficult>0</difficult>
		<bndbox>
			<xmin>142</xmin>
			<ymin>181</ymin>
			<xmax>703</xmax>
			<ymax>553</ymax>
		</bndbox>
	</object>
</annotation>
