<annotation>
	<folder>images</folder>
	<filename>butterfly_97.jpg</filename>
	<path>C:\Users\tprak_o7ept1f\Ana\Project-II\images\butterfly_97.jpg</path>
	<source>
		<database>Unknown</database>
	</source>
	<size>
		<width>800</width>
		<height>533</height>
		<depth>3</depth>
	</size>
	<segmented>0</segmented>
	<object>
		<name>butterfly</name>
		<pose>Unspecified</pose>
		<truncated>0</truncated>
		<difficult>0</difficult>
		<bndbox>
			<xmin>102</xmin>
			<ymin>33</ymin>
			<xmax>785</xmax>
			<ymax>528</ymax>
		</bndbox>
	</object>
</annotation>
