<annotation>
	<folder>images</folder>
	<filename>butterfly_82.jpg</filename>
	<path>C:\Users\tprak_o7ept1f\Ana\Project-II\images\butterfly_82.jpg</path>
	<source>
		<database>Unknown</database>
	</source>
	<size>
		<width>784</width>
		<height>1024</height>
		<depth>3</depth>
	</size>
	<segmented>0</segmented>
	<object>
		<name>butterfly</name>
		<pose>Unspecified</pose>
		<truncated>0</truncated>
		<difficult>0</difficult>
		<bndbox>
			<xmin>107</xmin>
			<ymin>215</ymin>
			<xmax>679</xmax>
			<ymax>776</ymax>
		</bndbox>
	</object>
</annotation>
