<annotation>
	<folder>images</folder>
	<filename>butterfly_32.jpg</filename>
	<path>C:\Users\tprak_o7ept1f\Ana\Project-II\images\butterfly_32.jpg</path>
	<source>
		<database>Unknown</database>
	</source>
	<size>
		<width>512</width>
		<height>342</height>
		<depth>3</depth>
	</size>
	<segmented>0</segmented>
	<object>
		<name>butterfly</name>
		<pose>Unspecified</pose>
		<truncated>0</truncated>
		<difficult>0</difficult>
		<bndbox>
			<xmin>88</xmin>
			<ymin>51</ymin>
			<xmax>410</xmax>
			<ymax>327</ymax>
		</bndbox>
	</object>
</annotation>
