<annotation>
	<folder>images</folder>
	<filename>butterfly_68.jpg</filename>
	<path>C:\Users\tprak_o7ept1f\Ana\Project-II\images\butterfly_68.jpg</path>
	<source>
		<database>Unknown</database>
	</source>
	<size>
		<width>685</width>
		<height>1023</height>
		<depth>3</depth>
	</size>
	<segmented>0</segmented>
	<object>
		<name>butterfly</name>
		<pose>Unspecified</pose>
		<truncated>0</truncated>
		<difficult>0</difficult>
		<bndbox>
			<xmin>86</xmin>
			<ymin>153</ymin>
			<xmax>581</xmax>
			<ymax>752</ymax>
		</bndbox>
	</object>
</annotation>
