<annotation>
	<folder>images</folder>
	<filename>butterfly_37.jpg</filename>
	<path>C:\Users\tprak_o7ept1f\Ana\Project-II\images\butterfly_37.jpg</path>
	<source>
		<database>Unknown</database>
	</source>
	<size>
		<width>716</width>
		<height>1023</height>
		<depth>3</depth>
	</size>
	<segmented>0</segmented>
	<object>
		<name>butterfly</name>
		<pose>Unspecified</pose>
		<truncated>0</truncated>
		<difficult>0</difficult>
		<bndbox>
			<xmin>158</xmin>
			<ymin>148</ymin>
			<xmax>539</xmax>
			<ymax>757</ymax>
		</bndbox>
	</object>
</annotation>
