<annotation>
	<folder>images</folder>
	<filename>butterfly_41.jpg</filename>
	<path>C:\Users\tprak_o7ept1f\Ana\Project-II\images\butterfly_41.jpg</path>
	<source>
		<database>Unknown</database>
	</source>
	<size>
		<width>532</width>
		<height>800</height>
		<depth>3</depth>
	</size>
	<segmented>0</segmented>
	<object>
		<name>butterfly</name>
		<pose>Unspecified</pose>
		<truncated>0</truncated>
		<difficult>0</difficult>
		<bndbox>
			<xmin>72</xmin>
			<ymin>102</ymin>
			<xmax>510</xmax>
			<ymax>466</ymax>
		</bndbox>
	</object>
</annotation>
