<annotation>
	<folder>images</folder>
	<filename>butterfly_93.jpg</filename>
	<path>C:\Users\tprak_o7ept1f\Ana\Project-II\images\butterfly_93.jpg</path>
	<source>
		<database>Unknown</database>
	</source>
	<size>
		<width>1024</width>
		<height>760</height>
		<depth>3</depth>
	</size>
	<segmented>0</segmented>
	<object>
		<name>butterfly</name>
		<pose>Unspecified</pose>
		<truncated>0</truncated>
		<difficult>0</difficult>
		<bndbox>
			<xmin>253</xmin>
			<ymin>314</ymin>
			<xmax>541</xmax>
			<ymax>592</ymax>
		</bndbox>
	</object>
</annotation>
