<annotation>
	<folder>images</folder>
	<filename>car_2.jpg</filename>
	<path>C:\Users\tprak_o7ept1f\Ana\Project-II\images\car_2.jpg</path>
	<source>
		<database>Unknown</database>
	</source>
	<size>
		<width>453</width>
		<height>604</height>
		<depth>3</depth>
	</size>
	<segmented>0</segmented>
	<object>
		<name>car</name>
		<pose>Unspecified</pose>
		<truncated>1</truncated>
		<difficult>0</difficult>
		<bndbox>
			<xmin>1</xmin>
			<ymin>225</ymin>
			<xmax>70</xmax>
			<ymax>286</ymax>
		</bndbox>
	</object>
</annotation>
