<annotation>
	<folder>images</folder>
	<filename>car_54.jpg</filename>
	<path>C:\Users\tprak_o7ept1f\Ana\Project-II\images\car_54.jpg</path>
	<source>
		<database>Unknown</database>
	</source>
	<size>
		<width>558</width>
		<height>372</height>
		<depth>3</depth>
	</size>
	<segmented>0</segmented>
	<object>
		<name>car</name>
		<pose>Unspecified</pose>
		<truncated>1</truncated>
		<difficult>0</difficult>
		<bndbox>
			<xmin>1</xmin>
			<ymin>74</ymin>
			<xmax>550</xmax>
			<ymax>372</ymax>
		</bndbox>
	</object>
</annotation>
