<annotation>
	<folder>images</folder>
	<filename>car_21.jpg</filename>
	<path>C:\Users\tprak_o7ept1f\Ana\Project-II\images\car_21.jpg</path>
	<source>
		<database>Unknown</database>
	</source>
	<size>
		<width>400</width>
		<height>299</height>
		<depth>3</depth>
	</size>
	<segmented>0</segmented>
	<object>
		<name>car</name>
		<pose>Unspecified</pose>
		<truncated>1</truncated>
		<difficult>0</difficult>
		<bndbox>
			<xmin>1</xmin>
			<ymin>15</ymin>
			<xmax>400</xmax>
			<ymax>297</ymax>
		</bndbox>
	</object>
</annotation>
