<annotation>
	<folder>images</folder>
	<filename>car_25.jpg</filename>
	<path>C:\Users\tprak_o7ept1f\Ana\Project-II\images\car_25.jpg</path>
	<source>
		<database>Unknown</database>
	</source>
	<size>
		<width>1024</width>
		<height>740</height>
		<depth>3</depth>
	</size>
	<segmented>0</segmented>
	<object>
		<name>bird</name>
		<pose>Unspecified</pose>
		<truncated>0</truncated>
		<difficult>0</difficult>
		<bndbox>
			<xmin>364</xmin>
			<ymin>264</ymin>
			<xmax>598</xmax>
			<ymax>547</ymax>
		</bndbox>
	</object>
</annotation>
