<annotation>
	<folder>images</folder>
	<filename>car_99.jpg</filename>
	<path>C:\Users\tprak_o7ept1f\Ana\Project-II\images\car_99.jpg</path>
	<source>
		<database>Unknown</database>
	</source>
	<size>
		<width>1024</width>
		<height>683</height>
		<depth>3</depth>
	</size>
	<segmented>0</segmented>
	<object>
		<name>car</name>
		<pose>Unspecified</pose>
		<truncated>0</truncated>
		<difficult>0</difficult>
		<bndbox>
			<xmin>170</xmin>
			<ymin>226</ymin>
			<xmax>646</xmax>
			<ymax>509</ymax>
		</bndbox>
	</object>
</annotation>
