<annotation>
	<folder>images</folder>
	<filename>car_18.jpg</filename>
	<path>C:\Users\tprak_o7ept1f\Ana\Project-II\images\car_18.jpg</path>
	<source>
		<database>Unknown</database>
	</source>
	<size>
		<width>800</width>
		<height>491</height>
		<depth>3</depth>
	</size>
	<segmented>0</segmented>
	<object>
		<name>car</name>
		<pose>Unspecified</pose>
		<truncated>0</truncated>
		<difficult>0</difficult>
		<bndbox>
			<xmin>140</xmin>
			<ymin>113</ymin>
			<xmax>772</xmax>
			<ymax>436</ymax>
		</bndbox>
	</object>
</annotation>
