<annotation>
	<folder>images</folder>
	<filename>car_1.jpg</filename>
	<path>C:\Users\tprak_o7ept1f\Ana\Project-II\images\car_1.jpg</path>
	<source>
		<database>Unknown</database>
	</source>
	<size>
		<width>845</width>
		<height>634</height>
		<depth>3</depth>
	</size>
	<segmented>0</segmented>
	<object>
		<name>car</name>
		<pose>Unspecified</pose>
		<truncated>0</truncated>
		<difficult>0</difficult>
		<bndbox>
			<xmin>9</xmin>
			<ymin>11</ymin>
			<xmax>838</xmax>
			<ymax>601</ymax>
		</bndbox>
	</object>
</annotation>
