<annotation>
	<folder>images</folder>
	<filename>car_31.jpg</filename>
	<path>C:\Users\tprak_o7ept1f\Ana\Project-II\images\car_31.jpg</path>
	<source>
		<database>Unknown</database>
	</source>
	<size>
		<width>1024</width>
		<height>653</height>
		<depth>3</depth>
	</size>
	<segmented>0</segmented>
	<object>
		<name>car</name>
		<pose>Unspecified</pose>
		<truncated>1</truncated>
		<difficult>0</difficult>
		<bndbox>
			<xmin>443</xmin>
			<ymin>1</ymin>
			<xmax>1020</xmax>
			<ymax>451</ymax>
		</bndbox>
	</object>
</annotation>
