<annotation>
	<folder>images</folder>
	<filename>car_85.jpg</filename>
	<path>C:\Users\tprak_o7ept1f\Ana\Project-II\images\car_85.jpg</path>
	<source>
		<database>Unknown</database>
	</source>
	<size>
		<width>1000</width>
		<height>667</height>
		<depth>3</depth>
	</size>
	<segmented>0</segmented>
	<object>
		<name>car</name>
		<pose>Unspecified</pose>
		<truncated>0</truncated>
		<difficult>0</difficult>
		<bndbox>
			<xmin>78</xmin>
			<ymin>43</ymin>
			<xmax>903</xmax>
			<ymax>664</ymax>
		</bndbox>
	</object>
</annotation>
