<annotation>
	<folder>images</folder>
	<filename>car_62.jpg</filename>
	<path>C:\Users\tprak_o7ept1f\Ana\Project-II\images\car_62.jpg</path>
	<source>
		<database>Unknown</database>
	</source>
	<size>
		<width>1024</width>
		<height>768</height>
		<depth>3</depth>
	</size>
	<segmented>0</segmented>
	<object>
		<name>car</name>
		<pose>Unspecified</pose>
		<truncated>0</truncated>
		<difficult>0</difficult>
		<bndbox>
			<xmin>191</xmin>
			<ymin>139</ymin>
			<xmax>790</xmax>
			<ymax>682</ymax>
		</bndbox>
	</object>
</annotation>
