<annotation>
	<folder>images</folder>
	<filename>car_42.jpg</filename>
	<path>C:\Users\tprak_o7ept1f\Ana\Project-II\images\car_42.jpg</path>
	<source>
		<database>Unknown</database>
	</source>
	<size>
		<width>1024</width>
		<height>591</height>
		<depth>3</depth>
	</size>
	<segmented>0</segmented>
	<object>
		<name>car</name>
		<pose>Unspecified</pose>
		<truncated>0</truncated>
		<difficult>0</difficult>
		<bndbox>
			<xmin>24</xmin>
			<ymin>71</ymin>
			<xmax>977</xmax>
			<ymax>550</ymax>
		</bndbox>
	</object>
</annotation>
