<annotation>
	<folder>images</folder>
	<filename>car_40.jpg</filename>
	<path>C:\Users\tprak_o7ept1f\Ana\Project-II\images\car_40.jpg</path>
	<source>
		<database>Unknown</database>
	</source>
	<size>
		<width>1023</width>
		<height>671</height>
		<depth>3</depth>
	</size>
	<segmented>0</segmented>
	<object>
		<name>car</name>
		<pose>Unspecified</pose>
		<truncated>0</truncated>
		<difficult>0</difficult>
		<bndbox>
			<xmin>360</xmin>
			<ymin>474</ymin>
			<xmax>690</xmax>
			<ymax>603</ymax>
		</bndbox>
	</object>
</annotation>
