<annotation>
	<folder>images</folder>
	<filename>car_80.jpg</filename>
	<path>C:\Users\tprak_o7ept1f\Ana\Project-II\images\car_80.jpg</path>
	<source>
		<database>Unknown</database>
	</source>
	<size>
		<width>765</width>
		<height>1024</height>
		<depth>3</depth>
	</size>
	<segmented>0</segmented>
	<object>
		<name>car</name>
		<pose>Unspecified</pose>
		<truncated>0</truncated>
		<difficult>0</difficult>
		<bndbox>
			<xmin>109</xmin>
			<ymin>10</ymin>
			<xmax>320</xmax>
			<ymax>125</ymax>
		</bndbox>
	</object>
</annotation>
