<annotation>
	<folder>images</folder>
	<filename>car_58.jpg</filename>
	<path>C:\Users\tprak_o7ept1f\Ana\Project-II\images\car_58.jpg</path>
	<source>
		<database>Unknown</database>
	</source>
	<size>
		<width>800</width>
		<height>707</height>
		<depth>3</depth>
	</size>
	<segmented>0</segmented>
	<object>
		<name>car</name>
		<pose>Unspecified</pose>
		<truncated>0</truncated>
		<difficult>0</difficult>
		<bndbox>
			<xmin>278</xmin>
			<ymin>294</ymin>
			<xmax>715</xmax>
			<ymax>565</ymax>
		</bndbox>
	</object>
</annotation>
