<annotation>
	<folder>images</folder>
	<filename>car_19.jpg</filename>
	<path>C:\Users\tprak_o7ept1f\Ana\Project-II\images\car_19.jpg</path>
	<source>
		<database>Unknown</database>
	</source>
	<size>
		<width>1023</width>
		<height>677</height>
		<depth>3</depth>
	</size>
	<segmented>0</segmented>
	<object>
		<name>bird</name>
		<pose>Unspecified</pose>
		<truncated>1</truncated>
		<difficult>0</difficult>
		<bndbox>
			<xmin>282</xmin>
			<ymin>320</ymin>
			<xmax>623</xmax>
			<ymax>677</ymax>
		</bndbox>
	</object>
</annotation>
