<annotation>
	<folder>images</folder>
	<filename>car_87.jpg</filename>
	<path>C:\Users\tprak_o7ept1f\Ana\Project-II\images\car_87.jpg</path>
	<source>
		<database>Unknown</database>
	</source>
	<size>
		<width>1024</width>
		<height>695</height>
		<depth>3</depth>
	</size>
	<segmented>0</segmented>
	<object>
		<name>car</name>
		<pose>Unspecified</pose>
		<truncated>0</truncated>
		<difficult>0</difficult>
		<bndbox>
			<xmin>85</xmin>
			<ymin>52</ymin>
			<xmax>951</xmax>
			<ymax>493</ymax>
		</bndbox>
	</object>
</annotation>
