<annotation>
	<folder>images</folder>
	<filename>car_44.jpg</filename>
	<path>C:\Users\tprak_o7ept1f\Ana\Project-II\images\car_44.jpg</path>
	<source>
		<database>Unknown</database>
	</source>
	<size>
		<width>768</width>
		<height>1024</height>
		<depth>3</depth>
	</size>
	<segmented>0</segmented>
	<object>
		<name>car</name>
		<pose>Unspecified</pose>
		<truncated>1</truncated>
		<difficult>0</difficult>
		<bndbox>
			<xmin>441</xmin>
			<ymin>262</ymin>
			<xmax>768</xmax>
			<ymax>726</ymax>
		</bndbox>
	</object>
</annotation>
