<annotation>
	<folder>images</folder>
	<filename>car_36.jpg</filename>
	<path>C:\Users\tprak_o7ept1f\Ana\Project-II\images\car_36.jpg</path>
	<source>
		<database>Unknown</database>
	</source>
	<size>
		<width>1024</width>
		<height>762</height>
		<depth>3</depth>
	</size>
	<segmented>0</segmented>
	<object>
		<name>car</name>
		<pose>Unspecified</pose>
		<truncated>0</truncated>
		<difficult>0</difficult>
		<bndbox>
			<xmin>71</xmin>
			<ymin>38</ymin>
			<xmax>973</xmax>
			<ymax>578</ymax>
		</bndbox>
	</object>
</annotation>
