<annotation>
	<folder>images</folder>
	<filename>car_26.jpg</filename>
	<path>C:\Users\tprak_o7ept1f\Ana\Project-II\images\car_26.jpg</path>
	<source>
		<database>Unknown</database>
	</source>
	<size>
		<width>685</width>
		<height>1023</height>
		<depth>3</depth>
	</size>
	<segmented>0</segmented>
	<object>
		<name>car</name>
		<pose>Unspecified</pose>
		<truncated>0</truncated>
		<difficult>0</difficult>
		<bndbox>
			<xmin>30</xmin>
			<ymin>135</ymin>
			<xmax>680</xmax>
			<ymax>771</ymax>
		</bndbox>
	</object>
</annotation>
