<annotation>
	<folder>images</folder>
	<filename>car_91.jpg</filename>
	<path>C:\Users\tprak_o7ept1f\Ana\Project-II\images\car_91.jpg</path>
	<source>
		<database>Unknown</database>
	</source>
	<size>
		<width>1023</width>
		<height>682</height>
		<depth>1</depth>
	</size>
	<segmented>0</segmented>
	<object>
		<name>bird</name>
		<pose>Unspecified</pose>
		<truncated>0</truncated>
		<difficult>0</difficult>
		<bndbox>
			<xmin>319</xmin>
			<ymin>205</ymin>
			<xmax>926</xmax>
			<ymax>502</ymax>
		</bndbox>
	</object>
</annotation>
