<annotation>
	<folder>images</folder>
	<filename>car_5.jpg</filename>
	<path>C:\Users\tprak_o7ept1f\Ana\Project-II\images\car_5.jpg</path>
	<source>
		<database>Unknown</database>
	</source>
	<size>
		<width>729</width>
		<height>1024</height>
		<depth>3</depth>
	</size>
	<segmented>0</segmented>
	<object>
		<name>car</name>
		<pose>Unspecified</pose>
		<truncated>0</truncated>
		<difficult>0</difficult>
		<bndbox>
			<xmin>221</xmin>
			<ymin>648</ymin>
			<xmax>379</xmax>
			<ymax>780</ymax>
		</bndbox>
	</object>
</annotation>
