<annotation>
	<folder>images</folder>
	<filename>car_38.jpg</filename>
	<path>C:\Users\tprak_o7ept1f\Ana\Project-II\images\car_38.jpg</path>
	<source>
		<database>Unknown</database>
	</source>
	<size>
		<width>1023</width>
		<height>653</height>
		<depth>3</depth>
	</size>
	<segmented>0</segmented>
	<object>
		<name>car</name>
		<pose>Unspecified</pose>
		<truncated>0</truncated>
		<difficult>0</difficult>
		<bndbox>
			<xmin>12</xmin>
			<ymin>118</ymin>
			<xmax>992</xmax>
			<ymax>631</ymax>
		</bndbox>
	</object>
</annotation>
