<annotation>
	<folder>images</folder>
	<filename>car_81.jpg</filename>
	<path>C:\Users\tprak_o7ept1f\Ana\Project-II\images\car_81.jpg</path>
	<source>
		<database>Unknown</database>
	</source>
	<size>
		<width>1000</width>
		<height>750</height>
		<depth>3</depth>
	</size>
	<segmented>0</segmented>
	<object>
		<name>car</name>
		<pose>Unspecified</pose>
		<truncated>0</truncated>
		<difficult>0</difficult>
		<bndbox>
			<xmin>215</xmin>
			<ymin>117</ymin>
			<xmax>813</xmax>
			<ymax>724</ymax>
		</bndbox>
	</object>
</annotation>
