<annotation>
	<folder>images</folder>
	<filename>car_16.jpg</filename>
	<path>C:\Users\tprak_o7ept1f\Ana\Project-II\images\car_16.jpg</path>
	<source>
		<database>Unknown</database>
	</source>
	<size>
		<width>1024</width>
		<height>661</height>
		<depth>3</depth>
	</size>
	<segmented>0</segmented>
	<object>
		<name>car</name>
		<pose>Unspecified</pose>
		<truncated>0</truncated>
		<difficult>0</difficult>
		<bndbox>
			<xmin>17</xmin>
			<ymin>95</ymin>
			<xmax>1011</xmax>
			<ymax>629</ymax>
		</bndbox>
	</object>
</annotation>
