<annotation>
	<folder>images</folder>
	<filename>car_69.jpg</filename>
	<path>C:\Users\tprak_o7ept1f\Ana\Project-II\images\car_69.jpg</path>
	<source>
		<database>Unknown</database>
	</source>
	<size>
		<width>682</width>
		<height>1023</height>
		<depth>3</depth>
	</size>
	<segmented>0</segmented>
	<object>
		<name>car</name>
		<pose>Unspecified</pose>
		<truncated>1</truncated>
		<difficult>0</difficult>
		<bndbox>
			<xmin>464</xmin>
			<ymin>422</ymin>
			<xmax>682</xmax>
			<ymax>584</ymax>
		</bndbox>
	</object>
</annotation>
