<annotation>
	<folder>images</folder>
	<filename>cat_5.jpg</filename>
	<path>C:\Users\tprak_o7ept1f\Ana\Project-II\images\cat_5.jpg</path>
	<source>
		<database>Unknown</database>
	</source>
	<size>
		<width>1024</width>
		<height>684</height>
		<depth>3</depth>
	</size>
	<segmented>0</segmented>
	<object>
		<name>cat</name>
		<pose>Unspecified</pose>
		<truncated>0</truncated>
		<difficult>0</difficult>
		<bndbox>
			<xmin>314</xmin>
			<ymin>46</ymin>
			<xmax>779</xmax>
			<ymax>639</ymax>
		</bndbox>
	</object>
</annotation>
