<annotation>
	<folder>images</folder>
	<filename>cat_90.jpg</filename>
	<path>C:\Users\tprak_o7ept1f\Ana\Project-II\images\cat_90.jpg</path>
	<source>
		<database>Unknown</database>
	</source>
	<size>
		<width>1024</width>
		<height>682</height>
		<depth>3</depth>
	</size>
	<segmented>0</segmented>
	<object>
		<name>bird</name>
		<pose>Unspecified</pose>
		<truncated>0</truncated>
		<difficult>0</difficult>
		<bndbox>
			<xmin>398</xmin>
			<ymin>72</ymin>
			<xmax>687</xmax>
			<ymax>472</ymax>
		</bndbox>
	</object>
</annotation>
