<annotation>
	<folder>images</folder>
	<filename>cat_29.jpg</filename>
	<path>C:\Users\tprak_o7ept1f\Ana\Project-II\images\cat_29.jpg</path>
	<source>
		<database>Unknown</database>
	</source>
	<size>
		<width>1024</width>
		<height>708</height>
		<depth>3</depth>
	</size>
	<segmented>0</segmented>
	<object>
		<name>cat</name>
		<pose>Unspecified</pose>
		<truncated>0</truncated>
		<difficult>0</difficult>
		<bndbox>
			<xmin>50</xmin>
			<ymin>15</ymin>
			<xmax>835</xmax>
			<ymax>542</ymax>
		</bndbox>
	</object>
</annotation>
