<annotation>
	<folder>images</folder>
	<filename>cat_15.jpg</filename>
	<path>C:\Users\tprak_o7ept1f\Ana\Project-II\images\cat_15.jpg</path>
	<source>
		<database>Unknown</database>
	</source>
	<size>
		<width>768</width>
		<height>1024</height>
		<depth>3</depth>
	</size>
	<segmented>0</segmented>
	<object>
		<name>cat</name>
		<pose>Unspecified</pose>
		<truncated>0</truncated>
		<difficult>0</difficult>
		<bndbox>
			<xmin>202</xmin>
			<ymin>7</ymin>
			<xmax>606</xmax>
			<ymax>906</ymax>
		</bndbox>
	</object>
</annotation>
