<annotation>
	<folder>images</folder>
	<filename>cat_97.jpg</filename>
	<path>C:\Users\tprak_o7ept1f\Ana\Project-II\images\cat_97.jpg</path>
	<source>
		<database>Unknown</database>
	</source>
	<size>
		<width>1023</width>
		<height>700</height>
		<depth>3</depth>
	</size>
	<segmented>0</segmented>
	<object>
		<name>cat</name>
		<pose>Unspecified</pose>
		<truncated>0</truncated>
		<difficult>0</difficult>
		<bndbox>
			<xmin>305</xmin>
			<ymin>5</ymin>
			<xmax>757</xmax>
			<ymax>578</ymax>
		</bndbox>
	</object>
</annotation>
