<annotation>
	<folder>images</folder>
	<filename>cat_35.jpg</filename>
	<path>C:\Users\tprak_o7ept1f\Ana\Project-II\images\cat_35.jpg</path>
	<source>
		<database>Unknown</database>
	</source>
	<size>
		<width>1024</width>
		<height>781</height>
		<depth>3</depth>
	</size>
	<segmented>0</segmented>
	<object>
		<name>cat</name>
		<pose>Unspecified</pose>
		<truncated>0</truncated>
		<difficult>0</difficult>
		<bndbox>
			<xmin>116</xmin>
			<ymin>5</ymin>
			<xmax>719</xmax>
			<ymax>780</ymax>
		</bndbox>
	</object>
</annotation>
