<annotation>
	<folder>images</folder>
	<filename>cat_79.jpg</filename>
	<path>C:\Users\tprak_o7ept1f\Ana\Project-II\images\cat_79.jpg</path>
	<source>
		<database>Unknown</database>
	</source>
	<size>
		<width>534</width>
		<height>800</height>
		<depth>3</depth>
	</size>
	<segmented>0</segmented>
	<object>
		<name>cat</name>
		<pose>Unspecified</pose>
		<truncated>0</truncated>
		<difficult>0</difficult>
		<bndbox>
			<xmin>3</xmin>
			<ymin>140</ymin>
			<xmax>522</xmax>
			<ymax>798</ymax>
		</bndbox>
	</object>
</annotation>
