<annotation>
	<folder>images</folder>
	<filename>cat_74.jpg</filename>
	<path>C:\Users\tprak_o7ept1f\Ana\Project-II\images\cat_74.jpg</path>
	<source>
		<database>Unknown</database>
	</source>
	<size>
		<width>240</width>
		<height>159</height>
		<depth>3</depth>
	</size>
	<segmented>0</segmented>
	<object>
		<name>cat</name>
		<pose>Unspecified</pose>
		<truncated>0</truncated>
		<difficult>0</difficult>
		<bndbox>
			<xmin>39</xmin>
			<ymin>16</ymin>
			<xmax>175</xmax>
			<ymax>155</ymax>
		</bndbox>
	</object>
</annotation>
