<annotation>
	<folder>images</folder>
	<filename>cat_17.jpg</filename>
	<path>C:\Users\tprak_o7ept1f\Ana\Project-II\images\cat_17.jpg</path>
	<source>
		<database>Unknown</database>
	</source>
	<size>
		<width>640</width>
		<height>427</height>
		<depth>3</depth>
	</size>
	<segmented>0</segmented>
	<object>
		<name>cat</name>
		<pose>Unspecified</pose>
		<truncated>1</truncated>
		<difficult>0</difficult>
		<bndbox>
			<xmin>59</xmin>
			<ymin>3</ymin>
			<xmax>591</xmax>
			<ymax>427</ymax>
		</bndbox>
	</object>
</annotation>
