<annotation>
	<folder>images</folder>
	<filename>cat_56.jpg</filename>
	<path>C:\Users\tprak_o7ept1f\Ana\Project-II\images\cat_56.jpg</path>
	<source>
		<database>Unknown</database>
	</source>
	<size>
		<width>1023</width>
		<height>680</height>
		<depth>3</depth>
	</size>
	<segmented>0</segmented>
	<object>
		<name>cat</name>
		<pose>Unspecified</pose>
		<truncated>0</truncated>
		<difficult>0</difficult>
		<bndbox>
			<xmin>134</xmin>
			<ymin>249</ymin>
			<xmax>560</xmax>
			<ymax>441</ymax>
		</bndbox>
	</object>
</annotation>
