<annotation>
	<folder>images</folder>
	<filename>cat_92.jpg</filename>
	<path>C:\Users\tprak_o7ept1f\Ana\Project-II\images\cat_92.jpg</path>
	<source>
		<database>Unknown</database>
	</source>
	<size>
		<width>816</width>
		<height>941</height>
		<depth>3</depth>
	</size>
	<segmented>0</segmented>
	<object>
		<name>cat</name>
		<pose>Unspecified</pose>
		<truncated>0</truncated>
		<difficult>0</difficult>
		<bndbox>
			<xmin>122</xmin>
			<ymin>450</ymin>
			<xmax>807</xmax>
			<ymax>733</ymax>
		</bndbox>
	</object>
</annotation>
