<annotation>
	<folder>images</folder>
	<filename>cat_100.jpg</filename>
	<path>C:\Users\tprak_o7ept1f\Ana\Project-II\images\cat_100.jpg</path>
	<source>
		<database>Unknown</database>
	</source>
	<size>
		<width>1024</width>
		<height>683</height>
		<depth>3</depth>
	</size>
	<segmented>0</segmented>
	<object>
		<name>cat</name>
		<pose>Unspecified</pose>
		<truncated>1</truncated>
		<difficult>0</difficult>
		<bndbox>
			<xmin>2</xmin>
			<ymin>1</ymin>
			<xmax>995</xmax>
			<ymax>683</ymax>
		</bndbox>
	</object>
</annotation>
