<annotation>
	<folder>images</folder>
	<filename>cat_42.jpg</filename>
	<path>C:\Users\tprak_o7ept1f\Ana\Project-II\images\cat_42.jpg</path>
	<source>
		<database>Unknown</database>
	</source>
	<size>
		<width>405</width>
		<height>429</height>
		<depth>3</depth>
	</size>
	<segmented>0</segmented>
	<object>
		<name>cat</name>
		<pose>Unspecified</pose>
		<truncated>0</truncated>
		<difficult>0</difficult>
		<bndbox>
			<xmin>74</xmin>
			<ymin>20</ymin>
			<xmax>375</xmax>
			<ymax>376</ymax>
		</bndbox>
	</object>
</annotation>
