<annotation>
	<folder>images</folder>
	<filename>cat_52.jpg</filename>
	<path>C:\Users\tprak_o7ept1f\Ana\Project-II\images\cat_52.jpg</path>
	<source>
		<database>Unknown</database>
	</source>
	<size>
		<width>893</width>
		<height>1023</height>
		<depth>3</depth>
	</size>
	<segmented>0</segmented>
	<object>
		<name>cat</name>
		<pose>Unspecified</pose>
		<truncated>0</truncated>
		<difficult>0</difficult>
		<bndbox>
			<xmin>98</xmin>
			<ymin>33</ymin>
			<xmax>789</xmax>
			<ymax>897</ymax>
		</bndbox>
	</object>
</annotation>
