<annotation>
	<folder>images</folder>
	<filename>cat_84.jpg</filename>
	<path>C:\Users\tprak_o7ept1f\Ana\Project-II\images\cat_84.jpg</path>
	<source>
		<database>Unknown</database>
	</source>
	<size>
		<width>800</width>
		<height>600</height>
		<depth>3</depth>
	</size>
	<segmented>0</segmented>
	<object>
		<name>cat</name>
		<pose>Unspecified</pose>
		<truncated>0</truncated>
		<difficult>0</difficult>
		<bndbox>
			<xmin>49</xmin>
			<ymin>203</ymin>
			<xmax>723</xmax>
			<ymax>446</ymax>
		</bndbox>
	</object>
</annotation>
