<annotation>
	<folder>images</folder>
	<filename>cat_88.jpg</filename>
	<path>C:\Users\tprak_o7ept1f\Ana\Project-II\images\cat_88.jpg</path>
	<source>
		<database>Unknown</database>
	</source>
	<size>
		<width>937</width>
		<height>983</height>
		<depth>3</depth>
	</size>
	<segmented>0</segmented>
	<object>
		<name>cat</name>
		<pose>Unspecified</pose>
		<truncated>0</truncated>
		<difficult>0</difficult>
		<bndbox>
			<xmin>13</xmin>
			<ymin>465</ymin>
			<xmax>932</xmax>
			<ymax>862</ymax>
		</bndbox>
	</object>
</annotation>
