<annotation>
	<folder>images</folder>
	<filename>cat_14.jpg</filename>
	<path>C:\Users\tprak_o7ept1f\Ana\Project-II\images\cat_14.jpg</path>
	<source>
		<database>Unknown</database>
	</source>
	<size>
		<width>800</width>
		<height>600</height>
		<depth>3</depth>
	</size>
	<segmented>0</segmented>
	<object>
		<name>cat</name>
		<pose>Unspecified</pose>
		<truncated>1</truncated>
		<difficult>0</difficult>
		<bndbox>
			<xmin>76</xmin>
			<ymin>3</ymin>
			<xmax>719</xmax>
			<ymax>600</ymax>
		</bndbox>
	</object>
</annotation>
