<annotation>
	<folder>images</folder>
	<filename>cat_78.jpg</filename>
	<path>C:\Users\tprak_o7ept1f\Ana\Project-II\images\cat_78.jpg</path>
	<source>
		<database>Unknown</database>
	</source>
	<size>
		<width>768</width>
		<height>1024</height>
		<depth>1</depth>
	</size>
	<segmented>0</segmented>
	<object>
		<name>cat</name>
		<pose>Unspecified</pose>
		<truncated>0</truncated>
		<difficult>0</difficult>
		<bndbox>
			<xmin>27</xmin>
			<ymin>74</ymin>
			<xmax>763</xmax>
			<ymax>1023</ymax>
		</bndbox>
	</object>
</annotation>
