<annotation>
	<folder>images</folder>
	<filename>cat_82.jpg</filename>
	<path>C:\Users\tprak_o7ept1f\Ana\Project-II\images\cat_82.jpg</path>
	<source>
		<database>Unknown</database>
	</source>
	<size>
		<width>1023</width>
		<height>589</height>
		<depth>3</depth>
	</size>
	<segmented>0</segmented>
	<object>
		<name>cat</name>
		<pose>Unspecified</pose>
		<truncated>0</truncated>
		<difficult>0</difficult>
		<bndbox>
			<xmin>549</xmin>
			<ymin>155</ymin>
			<xmax>1022</xmax>
			<ymax>588</ymax>
		</bndbox>
	</object>
</annotation>
