<annotation>
	<folder>images</folder>
	<filename>cat_96.jpg</filename>
	<path>C:\Users\tprak_o7ept1f\Ana\Project-II\images\cat_96.jpg</path>
	<source>
		<database>Unknown</database>
	</source>
	<size>
		<width>769</width>
		<height>1023</height>
		<depth>3</depth>
	</size>
	<segmented>0</segmented>
	<object>
		<name>cat</name>
		<pose>Unspecified</pose>
		<truncated>1</truncated>
		<difficult>0</difficult>
		<bndbox>
			<xmin>152</xmin>
			<ymin>204</ymin>
			<xmax>769</xmax>
			<ymax>1019</ymax>
		</bndbox>
	</object>
</annotation>
