<annotation>
	<folder>images</folder>
	<filename>cat_8.jpg</filename>
	<path>C:\Users\tprak_o7ept1f\Ana\Project-II\images\cat_8.jpg</path>
	<source>
		<database>Unknown</database>
	</source>
	<size>
		<width>1024</width>
		<height>1024</height>
		<depth>3</depth>
	</size>
	<segmented>0</segmented>
	<object>
		<name>cat</name>
		<pose>Unspecified</pose>
		<truncated>0</truncated>
		<difficult>0</difficult>
		<bndbox>
			<xmin>107</xmin>
			<ymin>27</ymin>
			<xmax>1023</xmax>
			<ymax>830</ymax>
		</bndbox>
	</object>
</annotation>
