<annotation>
	<folder>images</folder>
	<filename>cat_12.jpg</filename>
	<path>C:\Users\tprak_o7ept1f\Ana\Project-II\images\cat_12.jpg</path>
	<source>
		<database>Unknown</database>
	</source>
	<size>
		<width>1023</width>
		<height>628</height>
		<depth>3</depth>
	</size>
	<segmented>0</segmented>
	<object>
		<name>cat</name>
		<pose>Unspecified</pose>
		<truncated>1</truncated>
		<difficult>0</difficult>
		<bndbox>
			<xmin>132</xmin>
			<ymin>40</ymin>
			<xmax>981</xmax>
			<ymax>628</ymax>
		</bndbox>
	</object>
</annotation>
