<annotation>
	<folder>images</folder>
	<filename>cat_64.jpg</filename>
	<path>C:\Users\tprak_o7ept1f\Ana\Project-II\images\cat_64.jpg</path>
	<source>
		<database>Unknown</database>
	</source>
	<size>
		<width>768</width>
		<height>1024</height>
		<depth>3</depth>
	</size>
	<segmented>0</segmented>
	<object>
		<name>cat</name>
		<pose>Unspecified</pose>
		<truncated>1</truncated>
		<difficult>0</difficult>
		<bndbox>
			<xmin>69</xmin>
			<ymin>4</ymin>
			<xmax>768</xmax>
			<ymax>1024</ymax>
		</bndbox>
	</object>
</annotation>
