<annotation>
	<folder>images</folder>
	<filename>cat_62.jpg</filename>
	<path>C:\Users\tprak_o7ept1f\Ana\Project-II\images\cat_62.jpg</path>
	<source>
		<database>Unknown</database>
	</source>
	<size>
		<width>432</width>
		<height>369</height>
		<depth>3</depth>
	</size>
	<segmented>0</segmented>
	<object>
		<name>cat</name>
		<pose>Unspecified</pose>
		<truncated>1</truncated>
		<difficult>0</difficult>
		<bndbox>
			<xmin>56</xmin>
			<ymin>1</ymin>
			<xmax>432</xmax>
			<ymax>295</ymax>
		</bndbox>
	</object>
</annotation>
