<annotation>
	<folder>images</folder>
	<filename>cat_31.jpg</filename>
	<path>C:\Users\tprak_o7ept1f\Ana\Project-II\images\cat_31.jpg</path>
	<source>
		<database>Unknown</database>
	</source>
	<size>
		<width>1023</width>
		<height>682</height>
		<depth>3</depth>
	</size>
	<segmented>0</segmented>
	<object>
		<name>cat</name>
		<pose>Unspecified</pose>
		<truncated>0</truncated>
		<difficult>0</difficult>
		<bndbox>
			<xmin>129</xmin>
			<ymin>2</ymin>
			<xmax>967</xmax>
			<ymax>626</ymax>
		</bndbox>
	</object>
</annotation>
