<annotation>
	<folder>images</folder>
	<filename>cat_69.jpg</filename>
	<path>C:\Users\tprak_o7ept1f\Ana\Project-II\images\cat_69.jpg</path>
	<source>
		<database>Unknown</database>
	</source>
	<size>
		<width>768</width>
		<height>1024</height>
		<depth>1</depth>
	</size>
	<segmented>0</segmented>
	<object>
		<name>cat</name>
		<pose>Unspecified</pose>
		<truncated>1</truncated>
		<difficult>0</difficult>
		<bndbox>
			<xmin>1</xmin>
			<ymin>50</ymin>
			<xmax>584</xmax>
			<ymax>823</ymax>
		</bndbox>
	</object>
</annotation>
