<annotation>
	<folder>images</folder>
	<filename>cat_76.jpg</filename>
	<path>C:\Users\tprak_o7ept1f\Ana\Project-II\images\cat_76.jpg</path>
	<source>
		<database>Unknown</database>
	</source>
	<size>
		<width>1024</width>
		<height>685</height>
		<depth>3</depth>
	</size>
	<segmented>0</segmented>
	<object>
		<name>cat</name>
		<pose>Unspecified</pose>
		<truncated>0</truncated>
		<difficult>0</difficult>
		<bndbox>
			<xmin>216</xmin>
			<ymin>4</ymin>
			<xmax>631</xmax>
			<ymax>503</ymax>
		</bndbox>
	</object>
</annotation>
