<annotation>
	<folder>images</folder>
	<filename>cat_60.jpg</filename>
	<path>C:\Users\tprak_o7ept1f\Ana\Project-II\images\cat_60.jpg</path>
	<source>
		<database>Unknown</database>
	</source>
	<size>
		<width>1023</width>
		<height>685</height>
		<depth>1</depth>
	</size>
	<segmented>0</segmented>
	<object>
		<name>cat</name>
		<pose>Unspecified</pose>
		<truncated>0</truncated>
		<difficult>0</difficult>
		<bndbox>
			<xmin>251</xmin>
			<ymin>57</ymin>
			<xmax>898</xmax>
			<ymax>682</ymax>
		</bndbox>
	</object>
</annotation>
