<annotation>
	<folder>images</folder>
	<filename>cat_73.jpg</filename>
	<path>C:\Users\tprak_o7ept1f\Ana\Project-II\images\cat_73.jpg</path>
	<source>
		<database>Unknown</database>
	</source>
	<size>
		<width>663</width>
		<height>1000</height>
		<depth>1</depth>
	</size>
	<segmented>0</segmented>
	<object>
		<name>cat</name>
		<pose>Unspecified</pose>
		<truncated>0</truncated>
		<difficult>0</difficult>
		<bndbox>
			<xmin>8</xmin>
			<ymin>198</ymin>
			<xmax>648</xmax>
			<ymax>971</ymax>
		</bndbox>
	</object>
</annotation>
