<annotation>
	<folder>images</folder>
	<filename>cat_57.jpg</filename>
	<path>C:\Users\tprak_o7ept1f\Ana\Project-II\images\cat_57.jpg</path>
	<source>
		<database>Unknown</database>
	</source>
	<size>
		<width>1023</width>
		<height>612</height>
		<depth>3</depth>
	</size>
	<segmented>0</segmented>
	<object>
		<name>cat</name>
		<pose>Unspecified</pose>
		<truncated>1</truncated>
		<difficult>0</difficult>
		<bndbox>
			<xmin>275</xmin>
			<ymin>1</ymin>
			<xmax>705</xmax>
			<ymax>612</ymax>
		</bndbox>
	</object>
</annotation>
