<annotation>
	<folder>images</folder>
	<filename>cat_50.jpg</filename>
	<path>C:\Users\tprak_o7ept1f\Ana\Project-II\images\cat_50.jpg</path>
	<source>
		<database>Unknown</database>
	</source>
	<size>
		<width>766</width>
		<height>1024</height>
		<depth>3</depth>
	</size>
	<segmented>0</segmented>
	<object>
		<name>cat</name>
		<pose>Unspecified</pose>
		<truncated>1</truncated>
		<difficult>0</difficult>
		<bndbox>
			<xmin>134</xmin>
			<ymin>133</ymin>
			<xmax>766</xmax>
			<ymax>988</ymax>
		</bndbox>
	</object>
</annotation>
