<annotation>
	<folder>images</folder>
	<filename>cat_18.jpg</filename>
	<path>C:\Users\tprak_o7ept1f\Ana\Project-II\images\cat_18.jpg</path>
	<source>
		<database>Unknown</database>
	</source>
	<size>
		<width>922</width>
		<height>948</height>
		<depth>3</depth>
	</size>
	<segmented>0</segmented>
	<object>
		<name>cat</name>
		<pose>Unspecified</pose>
		<truncated>1</truncated>
		<difficult>0</difficult>
		<bndbox>
			<xmin>100</xmin>
			<ymin>62</ymin>
			<xmax>922</xmax>
			<ymax>948</ymax>
		</bndbox>
	</object>
</annotation>
