<annotation>
	<folder>images</folder>
	<filename>chair_47.jpg</filename>
	<path>C:\Users\tprak_o7ept1f\Ana\Project-II\images\chair_47.jpg</path>
	<source>
		<database>Unknown</database>
	</source>
	<size>
		<width>1023</width>
		<height>609</height>
		<depth>3</depth>
	</size>
	<segmented>0</segmented>
	<object>
		<name>chair</name>
		<pose>Unspecified</pose>
		<truncated>0</truncated>
		<difficult>0</difficult>
		<bndbox>
			<xmin>633</xmin>
			<ymin>203</ymin>
			<xmax>857</xmax>
			<ymax>569</ymax>
		</bndbox>
	</object>
</annotation>
