<annotation>
	<folder>images</folder>
	<filename>chair_8.jpg</filename>
	<path>C:\Users\tprak_o7ept1f\Ana\Project-II\images\chair_8.jpg</path>
	<source>
		<database>Unknown</database>
	</source>
	<size>
		<width>1000</width>
		<height>750</height>
		<depth>3</depth>
	</size>
	<segmented>0</segmented>
	<object>
		<name>chair</name>
		<pose>Unspecified</pose>
		<truncated>0</truncated>
		<difficult>0</difficult>
		<bndbox>
			<xmin>253</xmin>
			<ymin>104</ymin>
			<xmax>743</xmax>
			<ymax>677</ymax>
		</bndbox>
	</object>
</annotation>
