<annotation>
	<folder>images</folder>
	<filename>chair_86.jpg</filename>
	<path>C:\Users\tprak_o7ept1f\Ana\Project-II\images\chair_86.jpg</path>
	<source>
		<database>Unknown</database>
	</source>
	<size>
		<width>612</width>
		<height>612</height>
		<depth>3</depth>
	</size>
	<segmented>0</segmented>
	<object>
		<name>chair</name>
		<pose>Unspecified</pose>
		<truncated>0</truncated>
		<difficult>0</difficult>
		<bndbox>
			<xmin>189</xmin>
			<ymin>198</ymin>
			<xmax>565</xmax>
			<ymax>588</ymax>
		</bndbox>
	</object>
</annotation>
