<annotation>
	<folder>images</folder>
	<filename>chair_16.jpg</filename>
	<path>C:\Users\tprak_o7ept1f\Ana\Project-II\images\chair_16.jpg</path>
	<source>
		<database>Unknown</database>
	</source>
	<size>
		<width>683</width>
		<height>1024</height>
		<depth>3</depth>
	</size>
	<segmented>0</segmented>
	<object>
		<name>chair</name>
		<pose>Unspecified</pose>
		<truncated>0</truncated>
		<difficult>0</difficult>
		<bndbox>
			<xmin>157</xmin>
			<ymin>66</ymin>
			<xmax>656</xmax>
			<ymax>988</ymax>
		</bndbox>
	</object>
</annotation>
