<annotation>
	<folder>images</folder>
	<filename>chair_20.jpg</filename>
	<path>C:\Users\tprak_o7ept1f\Ana\Project-II\images\chair_20.jpg</path>
	<source>
		<database>Unknown</database>
	</source>
	<size>
		<width>1024</width>
		<height>737</height>
		<depth>3</depth>
	</size>
	<segmented>0</segmented>
	<object>
		<name>bird</name>
		<pose>Unspecified</pose>
		<truncated>0</truncated>
		<difficult>0</difficult>
		<bndbox>
			<xmin>221</xmin>
			<ymin>24</ymin>
			<xmax>770</xmax>
			<ymax>680</ymax>
		</bndbox>
	</object>
</annotation>
