<annotation>
	<folder>images</folder>
	<filename>chair_95.jpg</filename>
	<path>C:\Users\tprak_o7ept1f\Ana\Project-II\images\chair_95.jpg</path>
	<source>
		<database>Unknown</database>
	</source>
	<size>
		<width>528</width>
		<height>827</height>
		<depth>3</depth>
	</size>
	<segmented>0</segmented>
	<object>
		<name>chair</name>
		<pose>Unspecified</pose>
		<truncated>0</truncated>
		<difficult>0</difficult>
		<bndbox>
			<xmin>84</xmin>
			<ymin>157</ymin>
			<xmax>417</xmax>
			<ymax>790</ymax>
		</bndbox>
	</object>
</annotation>
