<annotation>
	<folder>images</folder>
	<filename>chair_71.jpg</filename>
	<path>C:\Users\tprak_o7ept1f\Ana\Project-II\images\chair_71.jpg</path>
	<source>
		<database>Unknown</database>
	</source>
	<size>
		<width>1024</width>
		<height>757</height>
		<depth>3</depth>
	</size>
	<segmented>0</segmented>
	<object>
		<name>chair</name>
		<pose>Unspecified</pose>
		<truncated>0</truncated>
		<difficult>0</difficult>
		<bndbox>
			<xmin>465</xmin>
			<ymin>459</ymin>
			<xmax>547</xmax>
			<ymax>560</ymax>
		</bndbox>
	</object>
</annotation>
