<annotation>
	<folder>images</folder>
	<filename>chair_30.jpg</filename>
	<path>C:\Users\tprak_o7ept1f\Ana\Project-II\images\chair_30.jpg</path>
	<source>
		<database>Unknown</database>
	</source>
	<size>
		<width>1023</width>
		<height>756</height>
		<depth>3</depth>
	</size>
	<segmented>0</segmented>
	<object>
		<name>bird</name>
		<pose>Unspecified</pose>
		<truncated>0</truncated>
		<difficult>0</difficult>
		<bndbox>
			<xmin>182</xmin>
			<ymin>165</ymin>
			<xmax>673</xmax>
			<ymax>688</ymax>
		</bndbox>
	</object>
</annotation>
