<annotation>
	<folder>images</folder>
	<filename>chair_57.jpg</filename>
	<path>C:\Users\tprak_o7ept1f\Ana\Project-II\images\chair_57.jpg</path>
	<source>
		<database>Unknown</database>
	</source>
	<size>
		<width>1023</width>
		<height>549</height>
		<depth>3</depth>
	</size>
	<segmented>0</segmented>
	<object>
		<name>chair</name>
		<pose>Unspecified</pose>
		<truncated>0</truncated>
		<difficult>0</difficult>
		<bndbox>
			<xmin>432</xmin>
			<ymin>269</ymin>
			<xmax>617</xmax>
			<ymax>498</ymax>
		</bndbox>
	</object>
</annotation>
