<annotation>
	<folder>images</folder>
	<filename>chair_94.jpg</filename>
	<path>C:\Users\tprak_o7ept1f\Ana\Project-II\images\chair_94.jpg</path>
	<source>
		<database>Unknown</database>
	</source>
	<size>
		<width>1024</width>
		<height>666</height>
		<depth>3</depth>
	</size>
	<segmented>0</segmented>
	<object>
		<name>chair</name>
		<pose>Unspecified</pose>
		<truncated>0</truncated>
		<difficult>0</difficult>
		<bndbox>
			<xmin>128</xmin>
			<ymin>187</ymin>
			<xmax>501</xmax>
			<ymax>538</ymax>
		</bndbox>
	</object>
</annotation>
