<annotation>
	<folder>images</folder>
	<filename>chair_79.jpg</filename>
	<path>C:\Users\tprak_o7ept1f\Ana\Project-II\images\chair_79.jpg</path>
	<source>
		<database>Unknown</database>
	</source>
	<size>
		<width>482</width>
		<height>700</height>
		<depth>3</depth>
	</size>
	<segmented>0</segmented>
	<object>
		<name>chair</name>
		<pose>Unspecified</pose>
		<truncated>1</truncated>
		<difficult>0</difficult>
		<bndbox>
			<xmin>1</xmin>
			<ymin>1</ymin>
			<xmax>477</xmax>
			<ymax>681</ymax>
		</bndbox>
	</object>
</annotation>
