<annotation>
	<folder>images</folder>
	<filename>chair_55.jpg</filename>
	<path>C:\Users\tprak_o7ept1f\Ana\Project-II\images\chair_55.jpg</path>
	<source>
		<database>Unknown</database>
	</source>
	<size>
		<width>840</width>
		<height>1024</height>
		<depth>3</depth>
	</size>
	<segmented>0</segmented>
	<object>
		<name>chair</name>
		<pose>Unspecified</pose>
		<truncated>0</truncated>
		<difficult>0</difficult>
		<bndbox>
			<xmin>4</xmin>
			<ymin>440</ymin>
			<xmax>312</xmax>
			<ymax>923</ymax>
		</bndbox>
	</object>
</annotation>
