<annotation>
	<folder>images</folder>
	<filename>chair_15.jpg</filename>
	<path>C:\Users\tprak_o7ept1f\Ana\Project-II\images\chair_15.jpg</path>
	<source>
		<database>Unknown</database>
	</source>
	<size>
		<width>1024</width>
		<height>785</height>
		<depth>3</depth>
	</size>
	<segmented>0</segmented>
	<object>
		<name>chair</name>
		<pose>Unspecified</pose>
		<truncated>1</truncated>
		<difficult>0</difficult>
		<bndbox>
			<xmin>146</xmin>
			<ymin>417</ymin>
			<xmax>1019</xmax>
			<ymax>785</ymax>
		</bndbox>
	</object>
</annotation>
