<annotation>
	<folder>images</folder>
	<filename>chair_74.jpg</filename>
	<path>C:\Users\tprak_o7ept1f\Ana\Project-II\images\chair_74.jpg</path>
	<source>
		<database>Unknown</database>
	</source>
	<size>
		<width>1024</width>
		<height>722</height>
		<depth>3</depth>
	</size>
	<segmented>0</segmented>
	<object>
		<name>chair</name>
		<pose>Unspecified</pose>
		<truncated>0</truncated>
		<difficult>0</difficult>
		<bndbox>
			<xmin>39</xmin>
			<ymin>144</ymin>
			<xmax>246</xmax>
			<ymax>529</ymax>
		</bndbox>
	</object>
</annotation>
