<annotation>
	<folder>images</folder>
	<filename>chair_12.jpg</filename>
	<path>C:\Users\tprak_o7ept1f\Ana\Project-II\images\chair_12.jpg</path>
	<source>
		<database>Unknown</database>
	</source>
	<size>
		<width>819</width>
		<height>1024</height>
		<depth>3</depth>
	</size>
	<segmented>0</segmented>
	<object>
		<name>bird</name>
		<pose>Unspecified</pose>
		<truncated>0</truncated>
		<difficult>0</difficult>
		<bndbox>
			<xmin>243</xmin>
			<ymin>190</ymin>
			<xmax>583</xmax>
			<ymax>835</ymax>
		</bndbox>
	</object>
</annotation>
