<annotation>
	<folder>images</folder>
	<filename>chair_4.jpg</filename>
	<path>C:\Users\tprak_o7ept1f\Ana\Project-II\images\chair_4.jpg</path>
	<source>
		<database>Unknown</database>
	</source>
	<size>
		<width>283</width>
		<height>426</height>
		<depth>3</depth>
	</size>
	<segmented>0</segmented>
	<object>
		<name>chair</name>
		<pose>Unspecified</pose>
		<truncated>0</truncated>
		<difficult>0</difficult>
		<bndbox>
			<xmin>11</xmin>
			<ymin>12</ymin>
			<xmax>250</xmax>
			<ymax>420</ymax>
		</bndbox>
	</object>
</annotation>
