<annotation>
	<folder>images</folder>
	<filename>chair_80.jpg</filename>
	<path>C:\Users\tprak_o7ept1f\Ana\Project-II\images\chair_80.jpg</path>
	<source>
		<database>Unknown</database>
	</source>
	<size>
		<width>465</width>
		<height>700</height>
		<depth>3</depth>
	</size>
	<segmented>0</segmented>
	<object>
		<name>chair</name>
		<pose>Unspecified</pose>
		<truncated>0</truncated>
		<difficult>0</difficult>
		<bndbox>
			<xmin>12</xmin>
			<ymin>202</ymin>
			<xmax>227</xmax>
			<ymax>489</ymax>
		</bndbox>
	</object>
</annotation>
