<annotation>
	<folder>images</folder>
	<filename>chair_82.jpg</filename>
	<path>C:\Users\tprak_o7ept1f\Ana\Project-II\images\chair_82.jpg</path>
	<source>
		<database>Unknown</database>
	</source>
	<size>
		<width>1024</width>
		<height>689</height>
		<depth>3</depth>
	</size>
	<segmented>0</segmented>
	<object>
		<name>chair</name>
		<pose>Unspecified</pose>
		<truncated>0</truncated>
		<difficult>0</difficult>
		<bndbox>
			<xmin>365</xmin>
			<ymin>84</ymin>
			<xmax>1011</xmax>
			<ymax>685</ymax>
		</bndbox>
	</object>
</annotation>
