<annotation>
	<folder>images</folder>
	<filename>chair_99.jpg</filename>
	<path>C:\Users\tprak_o7ept1f\Ana\Project-II\images\chair_99.jpg</path>
	<source>
		<database>Unknown</database>
	</source>
	<size>
		<width>1023</width>
		<height>685</height>
		<depth>1</depth>
	</size>
	<segmented>0</segmented>
	<object>
		<name>chair</name>
		<pose>Unspecified</pose>
		<truncated>1</truncated>
		<difficult>0</difficult>
		<bndbox>
			<xmin>513</xmin>
			<ymin>417</ymin>
			<xmax>1023</xmax>
			<ymax>685</ymax>
		</bndbox>
	</object>
</annotation>
