<annotation>
	<folder>images</folder>
	<filename>chair_39.jpg</filename>
	<path>C:\Users\tprak_o7ept1f\Ana\Project-II\images\chair_39.jpg</path>
	<source>
		<database>Unknown</database>
	</source>
	<size>
		<width>1000</width>
		<height>749</height>
		<depth>3</depth>
	</size>
	<segmented>0</segmented>
	<object>
		<name>chair</name>
		<pose>Unspecified</pose>
		<truncated>1</truncated>
		<difficult>0</difficult>
		<bndbox>
			<xmin>428</xmin>
			<ymin>85</ymin>
			<xmax>979</xmax>
			<ymax>749</ymax>
		</bndbox>
	</object>
</annotation>
