<annotation>
	<folder>images</folder>
	<filename>chair_41.jpg</filename>
	<path>C:\Users\tprak_o7ept1f\Ana\Project-II\images\chair_41.jpg</path>
	<source>
		<database>Unknown</database>
	</source>
	<size>
		<width>1023</width>
		<height>580</height>
		<depth>3</depth>
	</size>
	<segmented>0</segmented>
	<object>
		<name>chair</name>
		<pose>Unspecified</pose>
		<truncated>1</truncated>
		<difficult>0</difficult>
		<bndbox>
			<xmin>84</xmin>
			<ymin>178</ymin>
			<xmax>370</xmax>
			<ymax>580</ymax>
		</bndbox>
	</object>
</annotation>
