<annotation>
	<folder>images</folder>
	<filename>chair_93.jpg</filename>
	<path>C:\Users\tprak_o7ept1f\Ana\Project-II\images\chair_93.jpg</path>
	<source>
		<database>Unknown</database>
	</source>
	<size>
		<width>771</width>
		<height>1024</height>
		<depth>3</depth>
	</size>
	<segmented>0</segmented>
	<object>
		<name>chair</name>
		<pose>Unspecified</pose>
		<truncated>0</truncated>
		<difficult>0</difficult>
		<bndbox>
			<xmin>357</xmin>
			<ymin>516</ymin>
			<xmax>676</xmax>
			<ymax>985</ymax>
		</bndbox>
	</object>
</annotation>
