<annotation>
	<folder>images</folder>
	<filename>chair_72.jpg</filename>
	<path>C:\Users\tprak_o7ept1f\Ana\Project-II\images\chair_72.jpg</path>
	<source>
		<database>Unknown</database>
	</source>
	<size>
		<width>1024</width>
		<height>683</height>
		<depth>3</depth>
	</size>
	<segmented>0</segmented>
	<object>
		<name>chair</name>
		<pose>Unspecified</pose>
		<truncated>1</truncated>
		<difficult>0</difficult>
		<bndbox>
			<xmin>420</xmin>
			<ymin>300</ymin>
			<xmax>825</xmax>
			<ymax>683</ymax>
		</bndbox>
	</object>
</annotation>
