<annotation>
	<folder>images</folder>
	<filename>chair_51.jpg</filename>
	<path>C:\Users\tprak_o7ept1f\Ana\Project-II\images\chair_51.jpg</path>
	<source>
		<database>Unknown</database>
	</source>
	<size>
		<width>939</width>
		<height>461</height>
		<depth>3</depth>
	</size>
	<segmented>0</segmented>
	<object>
		<name>chair</name>
		<pose>Unspecified</pose>
		<truncated>0</truncated>
		<difficult>0</difficult>
		<bndbox>
			<xmin>113</xmin>
			<ymin>102</ymin>
			<xmax>924</xmax>
			<ymax>442</ymax>
		</bndbox>
	</object>
</annotation>
