<annotation>
	<folder>images</folder>
	<filename>chair_83.jpg</filename>
	<path>C:\Users\tprak_o7ept1f\Ana\Project-II\images\chair_83.jpg</path>
	<source>
		<database>Unknown</database>
	</source>
	<size>
		<width>1024</width>
		<height>680</height>
		<depth>3</depth>
	</size>
	<segmented>0</segmented>
	<object>
		<name>chair</name>
		<pose>Unspecified</pose>
		<truncated>1</truncated>
		<difficult>0</difficult>
		<bndbox>
			<xmin>529</xmin>
			<ymin>268</ymin>
			<xmax>949</xmax>
			<ymax>680</ymax>
		</bndbox>
	</object>
</annotation>
