<annotation>
	<folder>images</folder>
	<filename>chair_31.jpg</filename>
	<path>C:\Users\tprak_o7ept1f\Ana\Project-II\images\chair_31.jpg</path>
	<source>
		<database>Unknown</database>
	</source>
	<size>
		<width>1024</width>
		<height>576</height>
		<depth>3</depth>
	</size>
	<segmented>0</segmented>
	<object>
		<name>chair</name>
		<pose>Unspecified</pose>
		<truncated>0</truncated>
		<difficult>0</difficult>
		<bndbox>
			<xmin>791</xmin>
			<ymin>409</ymin>
			<xmax>827</xmax>
			<ymax>442</ymax>
		</bndbox>
	</object>
</annotation>
