<annotation>
	<folder>images</folder>
	<filename>chair_9.jpg</filename>
	<path>C:\Users\tprak_o7ept1f\Ana\Project-II\images\chair_9.jpg</path>
	<source>
		<database>Unknown</database>
	</source>
	<size>
		<width>685</width>
		<height>1024</height>
		<depth>3</depth>
	</size>
	<segmented>0</segmented>
	<object>
		<name>chair</name>
		<pose>Unspecified</pose>
		<truncated>0</truncated>
		<difficult>0</difficult>
		<bndbox>
			<xmin>91</xmin>
			<ymin>36</ymin>
			<xmax>548</xmax>
			<ymax>973</ymax>
		</bndbox>
	</object>
</annotation>
