<annotation>
	<folder>images</folder>
	<filename>chair_59.jpg</filename>
	<path>C:\Users\tprak_o7ept1f\Ana\Project-II\images\chair_59.jpg</path>
	<source>
		<database>Unknown</database>
	</source>
	<size>
		<width>1024</width>
		<height>771</height>
		<depth>3</depth>
	</size>
	<segmented>0</segmented>
	<object>
		<name>bird</name>
		<pose>Unspecified</pose>
		<truncated>0</truncated>
		<difficult>0</difficult>
		<bndbox>
			<xmin>379</xmin>
			<ymin>464</ymin>
			<xmax>666</xmax>
			<ymax>651</ymax>
		</bndbox>
	</object>
</annotation>
