<annotation>
	<folder>images</folder>
	<filename>chair_6.jpg</filename>
	<path>C:\Users\tprak_o7ept1f\Ana\Project-II\images\chair_6.jpg</path>
	<source>
		<database>Unknown</database>
	</source>
	<size>
		<width>1000</width>
		<height>1000</height>
		<depth>3</depth>
	</size>
	<segmented>0</segmented>
	<object>
		<name>chair</name>
		<pose>Unspecified</pose>
		<truncated>0</truncated>
		<difficult>0</difficult>
		<bndbox>
			<xmin>146</xmin>
			<ymin>26</ymin>
			<xmax>964</xmax>
			<ymax>956</ymax>
		</bndbox>
	</object>
</annotation>
