<annotation>
	<folder>images</folder>
	<filename>chair_58.jpg</filename>
	<path>C:\Users\tprak_o7ept1f\Ana\Project-II\images\chair_58.jpg</path>
	<source>
		<database>Unknown</database>
	</source>
	<size>
		<width>1024</width>
		<height>548</height>
		<depth>3</depth>
	</size>
	<segmented>0</segmented>
	<object>
		<name>chair</name>
		<pose>Unspecified</pose>
		<truncated>0</truncated>
		<difficult>0</difficult>
		<bndbox>
			<xmin>715</xmin>
			<ymin>292</ymin>
			<xmax>860</xmax>
			<ymax>466</ymax>
		</bndbox>
	</object>
</annotation>
