<annotation>
	<folder>images</folder>
	<filename>chair_75.jpg</filename>
	<path>C:\Users\tprak_o7ept1f\Ana\Project-II\images\chair_75.jpg</path>
	<source>
		<database>Unknown</database>
	</source>
	<size>
		<width>1024</width>
		<height>768</height>
		<depth>3</depth>
	</size>
	<segmented>0</segmented>
	<object>
		<name>chair</name>
		<pose>Unspecified</pose>
		<truncated>1</truncated>
		<difficult>0</difficult>
		<bndbox>
			<xmin>694</xmin>
			<ymin>267</ymin>
			<xmax>1024</xmax>
			<ymax>768</ymax>
		</bndbox>
	</object>
</annotation>
