<annotation>
	<folder>images</folder>
	<filename>chair_42.jpg</filename>
	<path>C:\Users\tprak_o7ept1f\Ana\Project-II\images\chair_42.jpg</path>
	<source>
		<database>Unknown</database>
	</source>
	<size>
		<width>1024</width>
		<height>352</height>
		<depth>3</depth>
	</size>
	<segmented>0</segmented>
	<object>
		<name>chair</name>
		<pose>Unspecified</pose>
		<truncated>0</truncated>
		<difficult>0</difficult>
		<bndbox>
			<xmin>430</xmin>
			<ymin>209</ymin>
			<xmax>466</xmax>
			<ymax>254</ymax>
		</bndbox>
	</object>
</annotation>
