<annotation>
	<folder>images</folder>
	<filename>chair_44.jpg</filename>
	<path>C:\Users\tprak_o7ept1f\Ana\Project-II\images\chair_44.jpg</path>
	<source>
		<database>Unknown</database>
	</source>
	<size>
		<width>990</width>
		<height>660</height>
		<depth>3</depth>
	</size>
	<segmented>0</segmented>
	<object>
		<name>chair</name>
		<pose>Unspecified</pose>
		<truncated>0</truncated>
		<difficult>0</difficult>
		<bndbox>
			<xmin>572</xmin>
			<ymin>168</ymin>
			<xmax>688</xmax>
			<ymax>326</ymax>
		</bndbox>
	</object>
</annotation>
