<annotation>
	<folder>images</folder>
	<filename>cup_71.jpg</filename>
	<path>C:\Users\tprak_o7ept1f\Ana\Project-II\images\cup_71.jpg</path>
	<source>
		<database>Unknown</database>
	</source>
	<size>
		<width>1024</width>
		<height>768</height>
		<depth>3</depth>
	</size>
	<segmented>0</segmented>
	<object>
		<name>cup</name>
		<pose>Unspecified</pose>
		<truncated>0</truncated>
		<difficult>0</difficult>
		<bndbox>
			<xmin>103</xmin>
			<ymin>26</ymin>
			<xmax>860</xmax>
			<ymax>707</ymax>
		</bndbox>
	</object>
</annotation>
