<annotation>
	<folder>images</folder>
	<filename>cup_74.jpg</filename>
	<path>C:\Users\tprak_o7ept1f\Ana\Project-II\images\cup_74.jpg</path>
	<source>
		<database>Unknown</database>
	</source>
	<size>
		<width>480</width>
		<height>640</height>
		<depth>3</depth>
	</size>
	<segmented>0</segmented>
	<object>
		<name>cup</name>
		<pose>Unspecified</pose>
		<truncated>0</truncated>
		<difficult>0</difficult>
		<bndbox>
			<xmin>250</xmin>
			<ymin>322</ymin>
			<xmax>449</xmax>
			<ymax>523</ymax>
		</bndbox>
	</object>
</annotation>
