<annotation>
	<folder>images</folder>
	<filename>cup_49.jpg</filename>
	<path>C:\Users\tprak_o7ept1f\Ana\Project-II\images\cup_49.jpg</path>
	<source>
		<database>Unknown</database>
	</source>
	<size>
		<width>1024</width>
		<height>891</height>
		<depth>3</depth>
	</size>
	<segmented>0</segmented>
	<object>
		<name>cup</name>
		<pose>Unspecified</pose>
		<truncated>0</truncated>
		<difficult>0</difficult>
		<bndbox>
			<xmin>28</xmin>
			<ymin>102</ymin>
			<xmax>951</xmax>
			<ymax>802</ymax>
		</bndbox>
	</object>
</annotation>
