<annotation>
	<folder>images</folder>
	<filename>cup_50.jpg</filename>
	<path>C:\Users\tprak_o7ept1f\Ana\Project-II\images\cup_50.jpg</path>
	<source>
		<database>Unknown</database>
	</source>
	<size>
		<width>1000</width>
		<height>667</height>
		<depth>3</depth>
	</size>
	<segmented>0</segmented>
	<object>
		<name>cup</name>
		<pose>Unspecified</pose>
		<truncated>0</truncated>
		<difficult>0</difficult>
		<bndbox>
			<xmin>242</xmin>
			<ymin>110</ymin>
			<xmax>974</xmax>
			<ymax>582</ymax>
		</bndbox>
	</object>
</annotation>
