<annotation>
	<folder>images</folder>
	<filename>cup_19.jpg</filename>
	<path>C:\Users\tprak_o7ept1f\Ana\Project-II\images\cup_19.jpg</path>
	<source>
		<database>Unknown</database>
	</source>
	<size>
		<width>800</width>
		<height>641</height>
		<depth>3</depth>
	</size>
	<segmented>0</segmented>
	<object>
		<name>cup</name>
		<pose>Unspecified</pose>
		<truncated>0</truncated>
		<difficult>0</difficult>
		<bndbox>
			<xmin>21</xmin>
			<ymin>208</ymin>
			<xmax>381</xmax>
			<ymax>427</ymax>
		</bndbox>
	</object>
</annotation>
