<annotation>
	<folder>images</folder>
	<filename>cup_92.jpg</filename>
	<path>C:\Users\tprak_o7ept1f\Ana\Project-II\images\cup_92.jpg</path>
	<source>
		<database>Unknown</database>
	</source>
	<size>
		<width>1023</width>
		<height>682</height>
		<depth>3</depth>
	</size>
	<segmented>0</segmented>
	<object>
		<name>cup</name>
		<pose>Unspecified</pose>
		<truncated>0</truncated>
		<difficult>0</difficult>
		<bndbox>
			<xmin>95</xmin>
			<ymin>181</ymin>
			<xmax>937</xmax>
			<ymax>604</ymax>
		</bndbox>
	</object>
</annotation>
