<annotation>
	<folder>images</folder>
	<filename>cup_94.jpg</filename>
	<path>C:\Users\tprak_o7ept1f\Ana\Project-II\images\cup_94.jpg</path>
	<source>
		<database>Unknown</database>
	</source>
	<size>
		<width>617</width>
		<height>617</height>
		<depth>3</depth>
	</size>
	<segmented>0</segmented>
	<object>
		<name>cup</name>
		<pose>Unspecified</pose>
		<truncated>0</truncated>
		<difficult>0</difficult>
		<bndbox>
			<xmin>62</xmin>
			<ymin>37</ymin>
			<xmax>573</xmax>
			<ymax>611</ymax>
		</bndbox>
	</object>
</annotation>
