<annotation>
	<folder>images</folder>
	<filename>cup_42.jpg</filename>
	<path>C:\Users\tprak_o7ept1f\Ana\Project-II\images\cup_42.jpg</path>
	<source>
		<database>Unknown</database>
	</source>
	<size>
		<width>1024</width>
		<height>768</height>
		<depth>3</depth>
	</size>
	<segmented>0</segmented>
	<object>
		<name>cup</name>
		<pose>Unspecified</pose>
		<truncated>0</truncated>
		<difficult>0</difficult>
		<bndbox>
			<xmin>533</xmin>
			<ymin>287</ymin>
			<xmax>1018</xmax>
			<ymax>607</ymax>
		</bndbox>
	</object>
</annotation>
