<annotation>
	<folder>images</folder>
	<filename>cup_25.jpg</filename>
	<path>C:\Users\tprak_o7ept1f\Ana\Project-II\images\cup_25.jpg</path>
	<source>
		<database>Unknown</database>
	</source>
	<size>
		<width>925</width>
		<height>925</height>
		<depth>3</depth>
	</size>
	<segmented>0</segmented>
	<object>
		<name>cup</name>
		<pose>Unspecified</pose>
		<truncated>0</truncated>
		<difficult>0</difficult>
		<bndbox>
			<xmin>30</xmin>
			<ymin>80</ymin>
			<xmax>895</xmax>
			<ymax>848</ymax>
		</bndbox>
	</object>
</annotation>
