<annotation>
	<folder>images</folder>
	<filename>cup_36.jpg</filename>
	<path>C:\Users\tprak_o7ept1f\Ana\Project-II\images\cup_36.jpg</path>
	<source>
		<database>Unknown</database>
	</source>
	<size>
		<width>1024</width>
		<height>735</height>
		<depth>3</depth>
	</size>
	<segmented>0</segmented>
	<object>
		<name>cup</name>
		<pose>Unspecified</pose>
		<truncated>0</truncated>
		<difficult>0</difficult>
		<bndbox>
			<xmin>549</xmin>
			<ymin>157</ymin>
			<xmax>882</xmax>
			<ymax>652</ymax>
		</bndbox>
	</object>
</annotation>
