<annotation>
	<folder>images</folder>
	<filename>cup_55.jpg</filename>
	<path>C:\Users\tprak_o7ept1f\Ana\Project-II\images\cup_55.jpg</path>
	<source>
		<database>Unknown</database>
	</source>
	<size>
		<width>500</width>
		<height>387</height>
		<depth>3</depth>
	</size>
	<segmented>0</segmented>
	<object>
		<name>cup</name>
		<pose>Unspecified</pose>
		<truncated>0</truncated>
		<difficult>0</difficult>
		<bndbox>
			<xmin>110</xmin>
			<ymin>80</ymin>
			<xmax>394</xmax>
			<ymax>315</ymax>
		</bndbox>
	</object>
</annotation>
