<annotation>
	<folder>images</folder>
	<filename>cup_67.jpg</filename>
	<path>C:\Users\tprak_o7ept1f\Ana\Project-II\images\cup_67.jpg</path>
	<source>
		<database>Unknown</database>
	</source>
	<size>
		<width>480</width>
		<height>394</height>
		<depth>3</depth>
	</size>
	<segmented>0</segmented>
	<object>
		<name>cup</name>
		<pose>Unspecified</pose>
		<truncated>0</truncated>
		<difficult>0</difficult>
		<bndbox>
			<xmin>43</xmin>
			<ymin>3</ymin>
			<xmax>446</xmax>
			<ymax>268</ymax>
		</bndbox>
	</object>
</annotation>
