<annotation>
	<folder>images</folder>
	<filename>cup_8.jpg</filename>
	<path>C:\Users\tprak_o7ept1f\Ana\Project-II\images\cup_8.jpg</path>
	<source>
		<database>Unknown</database>
	</source>
	<size>
		<width>835</width>
		<height>1024</height>
		<depth>3</depth>
	</size>
	<segmented>0</segmented>
	<object>
		<name>cup</name>
		<pose>Unspecified</pose>
		<truncated>1</truncated>
		<difficult>0</difficult>
		<bndbox>
			<xmin>1</xmin>
			<ymin>565</ymin>
			<xmax>289</xmax>
			<ymax>970</ymax>
		</bndbox>
	</object>
</annotation>
