<annotation>
	<folder>images</folder>
	<filename>cup_17.jpg</filename>
	<path>C:\Users\tprak_o7ept1f\Ana\Project-II\images\cup_17.jpg</path>
	<source>
		<database>Unknown</database>
	</source>
	<size>
		<width>1024</width>
		<height>751</height>
		<depth>3</depth>
	</size>
	<segmented>0</segmented>
	<object>
		<name>cup</name>
		<pose>Unspecified</pose>
		<truncated>0</truncated>
		<difficult>0</difficult>
		<bndbox>
			<xmin>443</xmin>
			<ymin>160</ymin>
			<xmax>969</xmax>
			<ymax>635</ymax>
		</bndbox>
	</object>
</annotation>
