<annotation>
	<folder>images</folder>
	<filename>cup_30.jpg</filename>
	<path>C:\Users\tprak_o7ept1f\Ana\Project-II\images\cup_30.jpg</path>
	<source>
		<database>Unknown</database>
	</source>
	<size>
		<width>1024</width>
		<height>524</height>
		<depth>3</depth>
	</size>
	<segmented>0</segmented>
	<object>
		<name>cup</name>
		<pose>Unspecified</pose>
		<truncated>0</truncated>
		<difficult>0</difficult>
		<bndbox>
			<xmin>456</xmin>
			<ymin>108</ymin>
			<xmax>794</xmax>
			<ymax>205</ymax>
		</bndbox>
	</object>
</annotation>
