<annotation>
	<folder>images</folder>
	<filename>cup_69.jpg</filename>
	<path>C:\Users\tprak_o7ept1f\Ana\Project-II\images\cup_69.jpg</path>
	<source>
		<database>Unknown</database>
	</source>
	<size>
		<width>640</width>
		<height>480</height>
		<depth>3</depth>
	</size>
	<segmented>0</segmented>
	<object>
		<name>cup</name>
		<pose>Unspecified</pose>
		<truncated>0</truncated>
		<difficult>0</difficult>
		<bndbox>
			<xmin>74</xmin>
			<ymin>73</ymin>
			<xmax>572</xmax>
			<ymax>368</ymax>
		</bndbox>
	</object>
</annotation>
