<annotation>
	<folder>images</folder>
	<filename>cup_54.jpg</filename>
	<path>C:\Users\tprak_o7ept1f\Ana\Project-II\images\cup_54.jpg</path>
	<source>
		<database>Unknown</database>
	</source>
	<size>
		<width>913</width>
		<height>913</height>
		<depth>3</depth>
	</size>
	<segmented>0</segmented>
	<object>
		<name>cup</name>
		<pose>Unspecified</pose>
		<truncated>0</truncated>
		<difficult>0</difficult>
		<bndbox>
			<xmin>75</xmin>
			<ymin>95</ymin>
			<xmax>885</xmax>
			<ymax>854</ymax>
		</bndbox>
	</object>
</annotation>
