<annotation>
	<folder>images</folder>
	<filename>cup_37.jpg</filename>
	<path>C:\Users\tprak_o7ept1f\Ana\Project-II\images\cup_37.jpg</path>
	<source>
		<database>Unknown</database>
	</source>
	<size>
		<width>1024</width>
		<height>1024</height>
		<depth>3</depth>
	</size>
	<segmented>0</segmented>
	<object>
		<name>cup</name>
		<pose>Unspecified</pose>
		<truncated>0</truncated>
		<difficult>0</difficult>
		<bndbox>
			<xmin>219</xmin>
			<ymin>434</ymin>
			<xmax>898</xmax>
			<ymax>986</ymax>
		</bndbox>
	</object>
</annotation>
