<annotation>
	<folder>images</folder>
	<filename>cup_4.jpg</filename>
	<path>C:\Users\tprak_o7ept1f\Ana\Project-II\images\cup_4.jpg</path>
	<source>
		<database>Unknown</database>
	</source>
	<size>
		<width>765</width>
		<height>765</height>
		<depth>3</depth>
	</size>
	<segmented>0</segmented>
	<object>
		<name>cup</name>
		<pose>Unspecified</pose>
		<truncated>0</truncated>
		<difficult>0</difficult>
		<bndbox>
			<xmin>2</xmin>
			<ymin>353</ymin>
			<xmax>450</xmax>
			<ymax>641</ymax>
		</bndbox>
	</object>
</annotation>
