<annotation>
	<folder>images</folder>
	<filename>cup_57.jpg</filename>
	<path>C:\Users\tprak_o7ept1f\Ana\Project-II\images\cup_57.jpg</path>
	<source>
		<database>Unknown</database>
	</source>
	<size>
		<width>1000</width>
		<height>750</height>
		<depth>3</depth>
	</size>
	<segmented>0</segmented>
	<object>
		<name>cup</name>
		<pose>Unspecified</pose>
		<truncated>0</truncated>
		<difficult>0</difficult>
		<bndbox>
			<xmin>207</xmin>
			<ymin>52</ymin>
			<xmax>866</xmax>
			<ymax>561</ymax>
		</bndbox>
	</object>
</annotation>
