<annotation>
	<folder>images</folder>
	<filename>cup_40.jpg</filename>
	<path>C:\Users\tprak_o7ept1f\Ana\Project-II\images\cup_40.jpg</path>
	<source>
		<database>Unknown</database>
	</source>
	<size>
		<width>965</width>
		<height>965</height>
		<depth>3</depth>
	</size>
	<segmented>0</segmented>
	<object>
		<name>cup</name>
		<pose>Unspecified</pose>
		<truncated>0</truncated>
		<difficult>0</difficult>
		<bndbox>
			<xmin>44</xmin>
			<ymin>86</ymin>
			<xmax>943</xmax>
			<ymax>870</ymax>
		</bndbox>
	</object>
</annotation>
