<annotation>
	<folder>images</folder>
	<filename>cup_59.jpg</filename>
	<path>C:\Users\tprak_o7ept1f\Ana\Project-II\images\cup_59.jpg</path>
	<source>
		<database>Unknown</database>
	</source>
	<size>
		<width>946</width>
		<height>1023</height>
		<depth>3</depth>
	</size>
	<segmented>0</segmented>
	<object>
		<name>cup</name>
		<pose>Unspecified</pose>
		<truncated>0</truncated>
		<difficult>0</difficult>
		<bndbox>
			<xmin>77</xmin>
			<ymin>64</ymin>
			<xmax>901</xmax>
			<ymax>957</ymax>
		</bndbox>
	</object>
</annotation>
