<annotation>
	<folder>images</folder>
	<filename>cup_51.jpg</filename>
	<path>C:\Users\tprak_o7ept1f\Ana\Project-II\images\cup_51.jpg</path>
	<source>
		<database>Unknown</database>
	</source>
	<size>
		<width>800</width>
		<height>649</height>
		<depth>3</depth>
	</size>
	<segmented>0</segmented>
	<object>
		<name>cup</name>
		<pose>Unspecified</pose>
		<truncated>0</truncated>
		<difficult>0</difficult>
		<bndbox>
			<xmin>192</xmin>
			<ymin>64</ymin>
			<xmax>766</xmax>
			<ymax>602</ymax>
		</bndbox>
	</object>
</annotation>
