<annotation>
	<folder>images</folder>
	<filename>cup_16.jpg</filename>
	<path>C:\Users\tprak_o7ept1f\Ana\Project-II\images\cup_16.jpg</path>
	<source>
		<database>Unknown</database>
	</source>
	<size>
		<width>982</width>
		<height>1024</height>
		<depth>3</depth>
	</size>
	<segmented>0</segmented>
	<object>
		<name>cup</name>
		<pose>Unspecified</pose>
		<truncated>0</truncated>
		<difficult>0</difficult>
		<bndbox>
			<xmin>221</xmin>
			<ymin>165</ymin>
			<xmax>766</xmax>
			<ymax>817</ymax>
		</bndbox>
	</object>
</annotation>
