<annotation>
	<folder>images</folder>
	<filename>cup_83.jpg</filename>
	<path>C:\Users\tprak_o7ept1f\Ana\Project-II\images\cup_83.jpg</path>
	<source>
		<database>Unknown</database>
	</source>
	<size>
		<width>709</width>
		<height>532</height>
		<depth>3</depth>
	</size>
	<segmented>0</segmented>
	<object>
		<name>cup</name>
		<pose>Unspecified</pose>
		<truncated>0</truncated>
		<difficult>0</difficult>
		<bndbox>
			<xmin>425</xmin>
			<ymin>282</ymin>
			<xmax>617</xmax>
			<ymax>450</ymax>
		</bndbox>
	</object>
</annotation>
