<annotation>
	<folder>images</folder>
	<filename>cup_26.jpg</filename>
	<path>C:\Users\tprak_o7ept1f\Ana\Project-II\images\cup_26.jpg</path>
	<source>
		<database>Unknown</database>
	</source>
	<size>
		<width>559</width>
		<height>601</height>
		<depth>3</depth>
	</size>
	<segmented>0</segmented>
	<object>
		<name>cup</name>
		<pose>Unspecified</pose>
		<truncated>0</truncated>
		<difficult>0</difficult>
		<bndbox>
			<xmin>24</xmin>
			<ymin>42</ymin>
			<xmax>515</xmax>
			<ymax>553</ymax>
		</bndbox>
	</object>
</annotation>
