<annotation>
	<folder>images</folder>
	<filename>cup_15.jpg</filename>
	<path>C:\Users\tprak_o7ept1f\Ana\Project-II\images\cup_15.jpg</path>
	<source>
		<database>Unknown</database>
	</source>
	<size>
		<width>575</width>
		<height>854</height>
		<depth>3</depth>
	</size>
	<segmented>0</segmented>
	<object>
		<name>cup</name>
		<pose>Unspecified</pose>
		<truncated>0</truncated>
		<difficult>0</difficult>
		<bndbox>
			<xmin>68</xmin>
			<ymin>351</ymin>
			<xmax>523</xmax>
			<ymax>836</ymax>
		</bndbox>
	</object>
</annotation>
