<annotation>
	<folder>images</folder>
	<filename>cup_38.jpg</filename>
	<path>C:\Users\tprak_o7ept1f\Ana\Project-II\images\cup_38.jpg</path>
	<source>
		<database>Unknown</database>
	</source>
	<size>
		<width>885</width>
		<height>885</height>
		<depth>3</depth>
	</size>
	<segmented>0</segmented>
	<object>
		<name>cup</name>
		<pose>Unspecified</pose>
		<truncated>0</truncated>
		<difficult>0</difficult>
		<bndbox>
			<xmin>45</xmin>
			<ymin>47</ymin>
			<xmax>859</xmax>
			<ymax>831</ymax>
		</bndbox>
	</object>
</annotation>
