<annotation>
	<folder>images</folder>
	<filename>cup_44.jpg</filename>
	<path>C:\Users\tprak_o7ept1f\Ana\Project-II\images\cup_44.jpg</path>
	<source>
		<database>Unknown</database>
	</source>
	<size>
		<width>1024</width>
		<height>681</height>
		<depth>3</depth>
	</size>
	<segmented>0</segmented>
	<object>
		<name>cup</name>
		<pose>Unspecified</pose>
		<truncated>0</truncated>
		<difficult>0</difficult>
		<bndbox>
			<xmin>293</xmin>
			<ymin>53</ymin>
			<xmax>900</xmax>
			<ymax>647</ymax>
		</bndbox>
	</object>
</annotation>
