<annotation>
	<folder>images</folder>
	<filename>cup_11.jpg</filename>
	<path>C:\Users\tprak_o7ept1f\Ana\Project-II\images\cup_11.jpg</path>
	<source>
		<database>Unknown</database>
	</source>
	<size>
		<width>1023</width>
		<height>685</height>
		<depth>3</depth>
	</size>
	<segmented>0</segmented>
	<object>
		<name>cup</name>
		<pose>Unspecified</pose>
		<truncated>0</truncated>
		<difficult>0</difficult>
		<bndbox>
			<xmin>284</xmin>
			<ymin>46</ymin>
			<xmax>730</xmax>
			<ymax>596</ymax>
		</bndbox>
	</object>
</annotation>
