<annotation>
	<folder>images</folder>
	<filename>cup_28.jpg</filename>
	<path>C:\Users\tprak_o7ept1f\Ana\Project-II\images\cup_28.jpg</path>
	<source>
		<database>Unknown</database>
	</source>
	<size>
		<width>1023</width>
		<height>738</height>
		<depth>3</depth>
	</size>
	<segmented>0</segmented>
	<object>
		<name>cup</name>
		<pose>Unspecified</pose>
		<truncated>0</truncated>
		<difficult>0</difficult>
		<bndbox>
			<xmin>389</xmin>
			<ymin>74</ymin>
			<xmax>650</xmax>
			<ymax>205</ymax>
		</bndbox>
	</object>
</annotation>
