<annotation>
	<folder>images</folder>
	<filename>cup_89.jpg</filename>
	<path>C:\Users\tprak_o7ept1f\Ana\Project-II\images\cup_89.jpg</path>
	<source>
		<database>Unknown</database>
	</source>
	<size>
		<width>1024</width>
		<height>768</height>
		<depth>3</depth>
	</size>
	<segmented>0</segmented>
	<object>
		<name>cup</name>
		<pose>Unspecified</pose>
		<truncated>0</truncated>
		<difficult>0</difficult>
		<bndbox>
			<xmin>24</xmin>
			<ymin>22</ymin>
			<xmax>1010</xmax>
			<ymax>687</ymax>
		</bndbox>
	</object>
</annotation>
