<annotation>
	<folder>images</folder>
	<filename>cup_46.jpg</filename>
	<path>C:\Users\tprak_o7ept1f\Ana\Project-II\images\cup_46.jpg</path>
	<source>
		<database>Unknown</database>
	</source>
	<size>
		<width>800</width>
		<height>905</height>
		<depth>3</depth>
	</size>
	<segmented>0</segmented>
	<object>
		<name>cup</name>
		<pose>Unspecified</pose>
		<truncated>0</truncated>
		<difficult>0</difficult>
		<bndbox>
			<xmin>6</xmin>
			<ymin>22</ymin>
			<xmax>777</xmax>
			<ymax>852</ymax>
		</bndbox>
	</object>
</annotation>
