<annotation>
	<folder>images</folder>
	<filename>cup_29.jpg</filename>
	<path>C:\Users\tprak_o7ept1f\Ana\Project-II\images\cup_29.jpg</path>
	<source>
		<database>Unknown</database>
	</source>
	<size>
		<width>480</width>
		<height>445</height>
		<depth>3</depth>
	</size>
	<segmented>0</segmented>
	<object>
		<name>cup</name>
		<pose>Unspecified</pose>
		<truncated>0</truncated>
		<difficult>0</difficult>
		<bndbox>
			<xmin>65</xmin>
			<ymin>6</ymin>
			<xmax>441</xmax>
			<ymax>290</ymax>
		</bndbox>
	</object>
</annotation>
