<annotation>
	<folder>images</folder>
	<filename>cup_7.jpg</filename>
	<path>C:\Users\tprak_o7ept1f\Ana\Project-II\images\cup_7.jpg</path>
	<source>
		<database>Unknown</database>
	</source>
	<size>
		<width>1024</width>
		<height>684</height>
		<depth>3</depth>
	</size>
	<segmented>0</segmented>
	<object>
		<name>cup</name>
		<pose>Unspecified</pose>
		<truncated>0</truncated>
		<difficult>0</difficult>
		<bndbox>
			<xmin>156</xmin>
			<ymin>414</ymin>
			<xmax>651</xmax>
			<ymax>590</ymax>
		</bndbox>
	</object>
</annotation>
