<annotation>
	<folder>images</folder>
	<filename>cup_12.jpg</filename>
	<path>C:\Users\tprak_o7ept1f\Ana\Project-II\images\cup_12.jpg</path>
	<source>
		<database>Unknown</database>
	</source>
	<size>
		<width>480</width>
		<height>405</height>
		<depth>3</depth>
	</size>
	<segmented>0</segmented>
	<object>
		<name>cup</name>
		<pose>Unspecified</pose>
		<truncated>0</truncated>
		<difficult>0</difficult>
		<bndbox>
			<xmin>6</xmin>
			<ymin>4</ymin>
			<xmax>474</xmax>
			<ymax>389</ymax>
		</bndbox>
	</object>
</annotation>
