<annotation>
	<folder>images</folder>
	<filename>cup_20.jpg</filename>
	<path>C:\Users\tprak_o7ept1f\Ana\Project-II\images\cup_20.jpg</path>
	<source>
		<database>Unknown</database>
	</source>
	<size>
		<width>612</width>
		<height>612</height>
		<depth>3</depth>
	</size>
	<segmented>0</segmented>
	<object>
		<name>cup</name>
		<pose>Unspecified</pose>
		<truncated>1</truncated>
		<difficult>0</difficult>
		<bndbox>
			<xmin>131</xmin>
			<ymin>47</ymin>
			<xmax>612</xmax>
			<ymax>612</ymax>
		</bndbox>
	</object>
</annotation>
