<annotation>
	<folder>images</folder>
	<filename>cup_95.jpg</filename>
	<path>C:\Users\tprak_o7ept1f\Ana\Project-II\images\cup_95.jpg</path>
	<source>
		<database>Unknown</database>
	</source>
	<size>
		<width>1023</width>
		<height>746</height>
		<depth>3</depth>
	</size>
	<segmented>0</segmented>
	<object>
		<name>cup</name>
		<pose>Unspecified</pose>
		<truncated>0</truncated>
		<difficult>0</difficult>
		<bndbox>
			<xmin>123</xmin>
			<ymin>143</ymin>
			<xmax>558</xmax>
			<ymax>701</ymax>
		</bndbox>
	</object>
</annotation>
