<annotation>
	<folder>images</folder>
	<filename>cup_64.jpg</filename>
	<path>C:\Users\tprak_o7ept1f\Ana\Project-II\images\cup_64.jpg</path>
	<source>
		<database>Unknown</database>
	</source>
	<size>
		<width>999</width>
		<height>1000</height>
		<depth>3</depth>
	</size>
	<segmented>0</segmented>
	<object>
		<name>cup</name>
		<pose>Unspecified</pose>
		<truncated>0</truncated>
		<difficult>0</difficult>
		<bndbox>
			<xmin>485</xmin>
			<ymin>296</ymin>
			<xmax>968</xmax>
			<ymax>774</ymax>
		</bndbox>
	</object>
</annotation>
