<annotation>
	<folder>images</folder>
	<filename>cup_62.jpg</filename>
	<path>C:\Users\tprak_o7ept1f\Ana\Project-II\images\cup_62.jpg</path>
	<source>
		<database>Unknown</database>
	</source>
	<size>
		<width>1024</width>
		<height>819</height>
		<depth>3</depth>
	</size>
	<segmented>0</segmented>
	<object>
		<name>cup</name>
		<pose>Unspecified</pose>
		<truncated>0</truncated>
		<difficult>0</difficult>
		<bndbox>
			<xmin>290</xmin>
			<ymin>185</ymin>
			<xmax>724</xmax>
			<ymax>593</ymax>
		</bndbox>
	</object>
</annotation>
