<annotation>
	<folder>images</folder>
	<filename>cup_93.jpg</filename>
	<path>C:\Users\tprak_o7ept1f\Ana\Project-II\images\cup_93.jpg</path>
	<source>
		<database>Unknown</database>
	</source>
	<size>
		<width>480</width>
		<height>431</height>
		<depth>3</depth>
	</size>
	<segmented>0</segmented>
	<object>
		<name>cup</name>
		<pose>Unspecified</pose>
		<truncated>0</truncated>
		<difficult>0</difficult>
		<bndbox>
			<xmin>5</xmin>
			<ymin>9</ymin>
			<xmax>466</xmax>
			<ymax>409</ymax>
		</bndbox>
	</object>
</annotation>
