<annotation>
	<folder>images</folder>
	<filename>cup_6.jpg</filename>
	<path>C:\Users\tprak_o7ept1f\Ana\Project-II\images\cup_6.jpg</path>
	<source>
		<database>Unknown</database>
	</source>
	<size>
		<width>1024</width>
		<height>726</height>
		<depth>3</depth>
	</size>
	<segmented>0</segmented>
	<object>
		<name>cup</name>
		<pose>Unspecified</pose>
		<truncated>1</truncated>
		<difficult>0</difficult>
		<bndbox>
			<xmin>351</xmin>
			<ymin>1</ymin>
			<xmax>758</xmax>
			<ymax>627</ymax>
		</bndbox>
	</object>
</annotation>
