<annotation>
	<folder>images</folder>
	<filename>cup_24.jpg</filename>
	<path>C:\Users\tprak_o7ept1f\Ana\Project-II\images\cup_24.jpg</path>
	<source>
		<database>Unknown</database>
	</source>
	<size>
		<width>1021</width>
		<height>904</height>
		<depth>3</depth>
	</size>
	<segmented>0</segmented>
	<object>
		<name>cup</name>
		<pose>Unspecified</pose>
		<truncated>0</truncated>
		<difficult>0</difficult>
		<bndbox>
			<xmin>38</xmin>
			<ymin>172</ymin>
			<xmax>964</xmax>
			<ymax>705</ymax>
		</bndbox>
	</object>
</annotation>
