<annotation>
	<folder>images</folder>
	<filename>cup_35.jpg</filename>
	<path>C:\Users\tprak_o7ept1f\Ana\Project-II\images\cup_35.jpg</path>
	<source>
		<database>Unknown</database>
	</source>
	<size>
		<width>1023</width>
		<height>761</height>
		<depth>3</depth>
	</size>
	<segmented>0</segmented>
	<object>
		<name>cup</name>
		<pose>Unspecified</pose>
		<truncated>0</truncated>
		<difficult>0</difficult>
		<bndbox>
			<xmin>263</xmin>
			<ymin>185</ymin>
			<xmax>419</xmax>
			<ymax>453</ymax>
		</bndbox>
	</object>
</annotation>
