<annotation>
	<folder>images</folder>
	<filename>cup_39.jpg</filename>
	<path>C:\Users\tprak_o7ept1f\Ana\Project-II\images\cup_39.jpg</path>
	<source>
		<database>Unknown</database>
	</source>
	<size>
		<width>1000</width>
		<height>727</height>
		<depth>3</depth>
	</size>
	<segmented>0</segmented>
	<object>
		<name>cup</name>
		<pose>Unspecified</pose>
		<truncated>0</truncated>
		<difficult>0</difficult>
		<bndbox>
			<xmin>197</xmin>
			<ymin>47</ymin>
			<xmax>902</xmax>
			<ymax>696</ymax>
		</bndbox>
	</object>
</annotation>
