<annotation>
	<folder>images</folder>
	<filename>cup_66.jpg</filename>
	<path>C:\Users\tprak_o7ept1f\Ana\Project-II\images\cup_66.jpg</path>
	<source>
		<database>Unknown</database>
	</source>
	<size>
		<width>1024</width>
		<height>1024</height>
		<depth>3</depth>
	</size>
	<segmented>0</segmented>
	<object>
		<name>cup</name>
		<pose>Unspecified</pose>
		<truncated>0</truncated>
		<difficult>0</difficult>
		<bndbox>
			<xmin>73</xmin>
			<ymin>345</ymin>
			<xmax>946</xmax>
			<ymax>878</ymax>
		</bndbox>
	</object>
</annotation>
