<annotation>
	<folder>images</folder>
	<filename>cup_68.jpg</filename>
	<path>C:\Users\tprak_o7ept1f\Ana\Project-II\images\cup_68.jpg</path>
	<source>
		<database>Unknown</database>
	</source>
	<size>
		<width>1024</width>
		<height>1021</height>
		<depth>3</depth>
	</size>
	<segmented>0</segmented>
	<object>
		<name>cup</name>
		<pose>Unspecified</pose>
		<truncated>0</truncated>
		<difficult>0</difficult>
		<bndbox>
			<xmin>29</xmin>
			<ymin>119</ymin>
			<xmax>955</xmax>
			<ymax>856</ymax>
		</bndbox>
	</object>
</annotation>
