<annotation>
	<folder>images</folder>
	<filename>cup_73.jpg</filename>
	<path>C:\Users\tprak_o7ept1f\Ana\Project-II\images\cup_73.jpg</path>
	<source>
		<database>Unknown</database>
	</source>
	<size>
		<width>685</width>
		<height>1023</height>
		<depth>3</depth>
	</size>
	<segmented>0</segmented>
	<object>
		<name>cup</name>
		<pose>Unspecified</pose>
		<truncated>0</truncated>
		<difficult>0</difficult>
		<bndbox>
			<xmin>128</xmin>
			<ymin>408</ymin>
			<xmax>622</xmax>
			<ymax>744</ymax>
		</bndbox>
	</object>
</annotation>
