<annotation>
	<folder>images</folder>
	<filename>cup_78.jpg</filename>
	<path>C:\Users\tprak_o7ept1f\Ana\Project-II\images\cup_78.jpg</path>
	<source>
		<database>Unknown</database>
	</source>
	<size>
		<width>629</width>
		<height>416</height>
		<depth>3</depth>
	</size>
	<segmented>0</segmented>
	<object>
		<name>cup</name>
		<pose>Unspecified</pose>
		<truncated>0</truncated>
		<difficult>0</difficult>
		<bndbox>
			<xmin>329</xmin>
			<ymin>198</ymin>
			<xmax>612</xmax>
			<ymax>407</ymax>
		</bndbox>
	</object>
</annotation>
