<annotation>
	<folder>images</folder>
	<filename>cup_76.jpg</filename>
	<path>C:\Users\tprak_o7ept1f\Ana\Project-II\images\cup_76.jpg</path>
	<source>
		<database>Unknown</database>
	</source>
	<size>
		<width>480</width>
		<height>408</height>
		<depth>3</depth>
	</size>
	<segmented>0</segmented>
	<object>
		<name>cup</name>
		<pose>Unspecified</pose>
		<truncated>1</truncated>
		<difficult>0</difficult>
		<bndbox>
			<xmin>1</xmin>
			<ymin>39</ymin>
			<xmax>480</xmax>
			<ymax>366</ymax>
		</bndbox>
	</object>
</annotation>
